SET session_replication_role = replica;

--
-- PostgreSQL database dump
--

-- \restrict KTv7Dl24fClLzWNLqdCmObmKPeGCs3PtYdlVZpKa88ac6ba2mX94vkObqDom8W3

-- Dumped from database version 17.6
-- Dumped by pg_dump version 17.6

SET statement_timeout = 0;
SET lock_timeout = 0;
SET idle_in_transaction_session_timeout = 0;
SET transaction_timeout = 0;
SET client_encoding = 'UTF8';
SET standard_conforming_strings = on;
SELECT pg_catalog.set_config('search_path', '', false);
SET check_function_bodies = false;
SET xmloption = content;
SET client_min_messages = warning;
SET row_security = off;

--
-- Data for Name: audit_log_entries; Type: TABLE DATA; Schema: auth; Owner: supabase_auth_admin
--

INSERT INTO "auth"."audit_log_entries" ("instance_id", "id", "payload", "created_at", "ip_address") VALUES
	('00000000-0000-0000-0000-000000000000', '061568c7-7742-4447-acfe-9e358b6b1aa6', '{"action":"user_confirmation_requested","actor_id":"d9f29b70-2738-42e6-95f6-d67605eb234d","actor_name":"Dilshodjon Haydarov","actor_username":"dev.dilshodjon@gmail.com","actor_via_sso":false,"log_type":"user","traits":{"provider":"email"}}', '2025-09-17 08:33:39.9246+00', ''),
	('00000000-0000-0000-0000-000000000000', 'b0e43e2a-0515-4a2d-bfda-b202dcb0580f', '{"action":"user_deleted","actor_id":"00000000-0000-0000-0000-000000000000","actor_username":"service_role","actor_via_sso":false,"log_type":"team","traits":{"user_email":"dev.dilshodjon@gmail.com","user_id":"d9f29b70-2738-42e6-95f6-d67605eb234d","user_phone":""}}', '2025-09-17 08:38:06.289009+00', ''),
	('00000000-0000-0000-0000-000000000000', '48a0d5d8-810d-4ef4-b28f-13004ad3ac55', '{"action":"user_signedup","actor_id":"00000000-0000-0000-0000-000000000000","actor_username":"service_role","actor_via_sso":false,"log_type":"team","traits":{"provider":"email","user_email":"dev.dilshodjon@gmail.com","user_id":"34e51a71-a5aa-44d5-856f-94bc789b7255","user_phone":""}}', '2025-09-17 08:38:24.833585+00', ''),
	('00000000-0000-0000-0000-000000000000', '7561f3ab-d391-4254-9e64-28e624197a91', '{"action":"login","actor_id":"34e51a71-a5aa-44d5-856f-94bc789b7255","actor_username":"dev.dilshodjon@gmail.com","actor_via_sso":false,"log_type":"account","traits":{"provider":"email"}}', '2025-09-17 08:38:49.310636+00', ''),
	('00000000-0000-0000-0000-000000000000', 'f0364302-d26d-46d7-b9b8-cb8a861ae256', '{"action":"user_confirmation_requested","actor_id":"d15dfa13-dfc1-47ad-9202-e1b804a64042","actor_name":"Dilshodjon Haydarov","actor_username":"torex.amaki@gmail.com","actor_via_sso":false,"log_type":"user","traits":{"provider":"email"}}', '2025-09-17 08:50:26.608993+00', ''),
	('00000000-0000-0000-0000-000000000000', 'fee6da10-25b4-42c4-8bbf-a03a551afd86', '{"action":"user_signedup","actor_id":"d15dfa13-dfc1-47ad-9202-e1b804a64042","actor_name":"Dilshodjon Haydarov","actor_username":"torex.amaki@gmail.com","actor_via_sso":false,"log_type":"team","traits":{"provider":"email"}}', '2025-09-17 09:32:38.03259+00', ''),
	('00000000-0000-0000-0000-000000000000', '7e8a3007-89db-4049-a608-b04a292845f9', '{"action":"login","actor_id":"d15dfa13-dfc1-47ad-9202-e1b804a64042","actor_name":"Dilshodjon Haydarov","actor_username":"torex.amaki@gmail.com","actor_via_sso":false,"log_type":"account","traits":{"provider":"email"}}', '2025-09-17 09:32:54.884085+00', ''),
	('00000000-0000-0000-0000-000000000000', 'bd3257f0-7141-48b0-ad4a-120be880fdf7', '{"action":"token_refreshed","actor_id":"d15dfa13-dfc1-47ad-9202-e1b804a64042","actor_name":"Dilshodjon Haydarov","actor_username":"torex.amaki@gmail.com","actor_via_sso":false,"log_type":"token"}', '2025-09-17 10:31:55.932076+00', ''),
	('00000000-0000-0000-0000-000000000000', '1dc436cc-d5a3-4095-bb86-4d67034e4c3c', '{"action":"token_revoked","actor_id":"d15dfa13-dfc1-47ad-9202-e1b804a64042","actor_name":"Dilshodjon Haydarov","actor_username":"torex.amaki@gmail.com","actor_via_sso":false,"log_type":"token"}', '2025-09-17 10:31:55.953144+00', ''),
	('00000000-0000-0000-0000-000000000000', '4d7d18d2-4af7-42e8-998f-90baba981686', '{"action":"token_refreshed","actor_id":"d15dfa13-dfc1-47ad-9202-e1b804a64042","actor_name":"Dilshodjon Haydarov","actor_username":"torex.amaki@gmail.com","actor_via_sso":false,"log_type":"token"}', '2025-09-17 11:31:11.520598+00', ''),
	('00000000-0000-0000-0000-000000000000', '7c1c1b32-830b-4c5b-878c-ee0216d502b3', '{"action":"token_revoked","actor_id":"d15dfa13-dfc1-47ad-9202-e1b804a64042","actor_name":"Dilshodjon Haydarov","actor_username":"torex.amaki@gmail.com","actor_via_sso":false,"log_type":"token"}', '2025-09-17 11:31:11.53951+00', ''),
	('00000000-0000-0000-0000-000000000000', '73579521-b863-409f-b4d3-4c3b415ee836', '{"action":"token_refreshed","actor_id":"d15dfa13-dfc1-47ad-9202-e1b804a64042","actor_name":"Dilshodjon Haydarov","actor_username":"torex.amaki@gmail.com","actor_via_sso":false,"log_type":"token"}', '2025-09-17 12:30:08.996653+00', ''),
	('00000000-0000-0000-0000-000000000000', '4c05eafd-cd86-4bf5-aaca-7080dc2f14cf', '{"action":"token_revoked","actor_id":"d15dfa13-dfc1-47ad-9202-e1b804a64042","actor_name":"Dilshodjon Haydarov","actor_username":"torex.amaki@gmail.com","actor_via_sso":false,"log_type":"token"}', '2025-09-17 12:30:09.010403+00', ''),
	('00000000-0000-0000-0000-000000000000', 'a6f95b3c-2efb-4019-8679-2f3d7ffdc1ee', '{"action":"token_refreshed","actor_id":"d15dfa13-dfc1-47ad-9202-e1b804a64042","actor_name":"Dilshodjon Haydarov","actor_username":"torex.amaki@gmail.com","actor_via_sso":false,"log_type":"token"}', '2025-09-17 14:35:14.871441+00', ''),
	('00000000-0000-0000-0000-000000000000', '36c4507b-7286-407d-afd4-2ae70368a680', '{"action":"token_revoked","actor_id":"d15dfa13-dfc1-47ad-9202-e1b804a64042","actor_name":"Dilshodjon Haydarov","actor_username":"torex.amaki@gmail.com","actor_via_sso":false,"log_type":"token"}', '2025-09-17 14:35:14.885834+00', ''),
	('00000000-0000-0000-0000-000000000000', '53abe485-a513-4943-ad1c-76c15e4bdd24', '{"action":"token_refreshed","actor_id":"d15dfa13-dfc1-47ad-9202-e1b804a64042","actor_name":"Dilshodjon Haydarov","actor_username":"torex.amaki@gmail.com","actor_via_sso":false,"log_type":"token"}', '2025-09-17 15:33:38.703986+00', ''),
	('00000000-0000-0000-0000-000000000000', '207829cb-5caf-4910-b1b1-8363088c851f', '{"action":"token_revoked","actor_id":"d15dfa13-dfc1-47ad-9202-e1b804a64042","actor_name":"Dilshodjon Haydarov","actor_username":"torex.amaki@gmail.com","actor_via_sso":false,"log_type":"token"}', '2025-09-17 15:33:38.718553+00', ''),
	('00000000-0000-0000-0000-000000000000', '88b9a2eb-e654-41d3-9b1a-0eff0f79a627', '{"action":"token_refreshed","actor_id":"d15dfa13-dfc1-47ad-9202-e1b804a64042","actor_name":"Dilshodjon Haydarov","actor_username":"torex.amaki@gmail.com","actor_via_sso":false,"log_type":"token"}', '2025-09-17 19:24:33.401792+00', ''),
	('00000000-0000-0000-0000-000000000000', '4c880d22-0518-4545-860b-5ac6035baa2b', '{"action":"token_revoked","actor_id":"d15dfa13-dfc1-47ad-9202-e1b804a64042","actor_name":"Dilshodjon Haydarov","actor_username":"torex.amaki@gmail.com","actor_via_sso":false,"log_type":"token"}', '2025-09-17 19:24:33.406483+00', ''),
	('00000000-0000-0000-0000-000000000000', 'a20effeb-2407-4436-9e43-9620014ad398', '{"action":"token_refreshed","actor_id":"d15dfa13-dfc1-47ad-9202-e1b804a64042","actor_name":"Dilshodjon Haydarov","actor_username":"torex.amaki@gmail.com","actor_via_sso":false,"log_type":"token"}', '2025-09-17 20:38:43.675324+00', ''),
	('00000000-0000-0000-0000-000000000000', '27e27edf-d60d-47f0-b58b-54fac26bc6f0', '{"action":"token_revoked","actor_id":"d15dfa13-dfc1-47ad-9202-e1b804a64042","actor_name":"Dilshodjon Haydarov","actor_username":"torex.amaki@gmail.com","actor_via_sso":false,"log_type":"token"}', '2025-09-17 20:38:43.684278+00', ''),
	('00000000-0000-0000-0000-000000000000', '322d8eec-643e-4449-8e0a-1522e930c0d3', '{"action":"token_refreshed","actor_id":"d15dfa13-dfc1-47ad-9202-e1b804a64042","actor_name":"Dilshodjon Haydarov","actor_username":"torex.amaki@gmail.com","actor_via_sso":false,"log_type":"token"}', '2025-09-17 21:37:22.67922+00', ''),
	('00000000-0000-0000-0000-000000000000', '5f3750eb-e120-4a51-87b9-96fbd1b3132a', '{"action":"token_revoked","actor_id":"d15dfa13-dfc1-47ad-9202-e1b804a64042","actor_name":"Dilshodjon Haydarov","actor_username":"torex.amaki@gmail.com","actor_via_sso":false,"log_type":"token"}', '2025-09-17 21:37:22.697058+00', ''),
	('00000000-0000-0000-0000-000000000000', '6aeb49ca-4d52-4eec-932c-0eb5879652c9', '{"action":"token_refreshed","actor_id":"d15dfa13-dfc1-47ad-9202-e1b804a64042","actor_name":"Dilshodjon Haydarov","actor_username":"torex.amaki@gmail.com","actor_via_sso":false,"log_type":"token"}', '2025-09-17 22:42:27.862487+00', ''),
	('00000000-0000-0000-0000-000000000000', '32277642-028c-405c-9fa4-c29382066c0d', '{"action":"token_revoked","actor_id":"d15dfa13-dfc1-47ad-9202-e1b804a64042","actor_name":"Dilshodjon Haydarov","actor_username":"torex.amaki@gmail.com","actor_via_sso":false,"log_type":"token"}', '2025-09-17 22:42:27.874033+00', ''),
	('00000000-0000-0000-0000-000000000000', '8c49a029-0561-4a56-b9d9-786760664745', '{"action":"token_refreshed","actor_id":"d15dfa13-dfc1-47ad-9202-e1b804a64042","actor_name":"Dilshodjon Haydarov","actor_username":"torex.amaki@gmail.com","actor_via_sso":false,"log_type":"token"}', '2025-09-18 01:06:24.949903+00', ''),
	('00000000-0000-0000-0000-000000000000', '3daabe4e-1a7b-4f15-81db-0d9456f2bc91', '{"action":"token_revoked","actor_id":"d15dfa13-dfc1-47ad-9202-e1b804a64042","actor_name":"Dilshodjon Haydarov","actor_username":"torex.amaki@gmail.com","actor_via_sso":false,"log_type":"token"}', '2025-09-18 01:06:24.965005+00', ''),
	('00000000-0000-0000-0000-000000000000', '99133115-e310-43a2-a017-dd29168937f6', '{"action":"token_refreshed","actor_id":"d15dfa13-dfc1-47ad-9202-e1b804a64042","actor_name":"Dilshodjon Haydarov","actor_username":"torex.amaki@gmail.com","actor_via_sso":false,"log_type":"token"}', '2025-09-18 02:08:54.831982+00', ''),
	('00000000-0000-0000-0000-000000000000', 'e279637c-cb2c-4ad5-9c38-d795b209e1a3', '{"action":"token_revoked","actor_id":"d15dfa13-dfc1-47ad-9202-e1b804a64042","actor_name":"Dilshodjon Haydarov","actor_username":"torex.amaki@gmail.com","actor_via_sso":false,"log_type":"token"}', '2025-09-18 02:08:54.851333+00', ''),
	('00000000-0000-0000-0000-000000000000', '29e37288-7f1b-43ae-8c0b-6a12af1f67bf', '{"action":"token_refreshed","actor_id":"d15dfa13-dfc1-47ad-9202-e1b804a64042","actor_name":"Dilshodjon Haydarov","actor_username":"torex.amaki@gmail.com","actor_via_sso":false,"log_type":"token"}', '2025-09-18 03:50:06.701292+00', ''),
	('00000000-0000-0000-0000-000000000000', '3dc2bd13-6f9e-4b60-88e4-3bcfed887a87', '{"action":"token_revoked","actor_id":"d15dfa13-dfc1-47ad-9202-e1b804a64042","actor_name":"Dilshodjon Haydarov","actor_username":"torex.amaki@gmail.com","actor_via_sso":false,"log_type":"token"}', '2025-09-18 03:50:06.708184+00', ''),
	('00000000-0000-0000-0000-000000000000', 'dc0a3f2a-4a40-4449-8f9f-100d1207072a', '{"action":"logout","actor_id":"d15dfa13-dfc1-47ad-9202-e1b804a64042","actor_name":"Dilshodjon Haydarov","actor_username":"torex.amaki@gmail.com","actor_via_sso":false,"log_type":"account"}', '2025-09-18 03:52:03.777218+00', ''),
	('00000000-0000-0000-0000-000000000000', 'd494d167-2420-4b8e-8b40-ddb90f2ad6c7', '{"action":"login","actor_id":"d15dfa13-dfc1-47ad-9202-e1b804a64042","actor_name":"Dilshodjon Haydarov","actor_username":"torex.amaki@gmail.com","actor_via_sso":false,"log_type":"account","traits":{"provider":"google"}}', '2025-09-18 03:52:57.808398+00', ''),
	('00000000-0000-0000-0000-000000000000', '230aea43-6f1f-4eda-b61f-42f77b1a81c8', '{"action":"login","actor_id":"d15dfa13-dfc1-47ad-9202-e1b804a64042","actor_name":"Dilshodjon Haydarov","actor_username":"torex.amaki@gmail.com","actor_via_sso":false,"log_type":"account","traits":{"provider":"google"}}', '2025-09-18 03:53:57.610914+00', ''),
	('00000000-0000-0000-0000-000000000000', '36447bef-d794-42e3-acd6-0b2f292faeb5', '{"action":"login","actor_id":"d15dfa13-dfc1-47ad-9202-e1b804a64042","actor_name":"Dilshodjon Haydarov","actor_username":"torex.amaki@gmail.com","actor_via_sso":false,"log_type":"account","traits":{"provider":"google"}}', '2025-09-18 03:54:41.786019+00', ''),
	('00000000-0000-0000-0000-000000000000', 'd65c96aa-bae6-4424-9deb-900298be1658', '{"action":"login","actor_id":"d15dfa13-dfc1-47ad-9202-e1b804a64042","actor_name":"Dilshodjon Haydarov","actor_username":"torex.amaki@gmail.com","actor_via_sso":false,"log_type":"account","traits":{"provider":"google"}}', '2025-09-18 04:22:54.726562+00', ''),
	('00000000-0000-0000-0000-000000000000', '0833e3dc-8a42-42da-91e5-aefb3befcc54', '{"action":"login","actor_id":"d15dfa13-dfc1-47ad-9202-e1b804a64042","actor_name":"Dilshodjon Haydarov","actor_username":"torex.amaki@gmail.com","actor_via_sso":false,"log_type":"account","traits":{"provider":"google"}}', '2025-09-18 04:23:09.350553+00', ''),
	('00000000-0000-0000-0000-000000000000', '9c452ab5-1264-4781-b040-cb897d88c01f', '{"action":"login","actor_id":"d15dfa13-dfc1-47ad-9202-e1b804a64042","actor_name":"Dilshodjon Haydarov","actor_username":"torex.amaki@gmail.com","actor_via_sso":false,"log_type":"account","traits":{"provider":"google"}}', '2025-09-18 04:26:38.512172+00', ''),
	('00000000-0000-0000-0000-000000000000', '5421b1e9-988c-4264-b5af-c2c40c3d7272', '{"action":"login","actor_id":"d15dfa13-dfc1-47ad-9202-e1b804a64042","actor_name":"Dilshodjon Haydarov","actor_username":"torex.amaki@gmail.com","actor_via_sso":false,"log_type":"account","traits":{"provider":"google"}}', '2025-09-18 04:26:55.715436+00', ''),
	('00000000-0000-0000-0000-000000000000', '539ed7c3-24cb-45b6-896e-4226d9b4483f', '{"action":"login","actor_id":"d15dfa13-dfc1-47ad-9202-e1b804a64042","actor_name":"Dilshodjon Haydarov","actor_username":"torex.amaki@gmail.com","actor_via_sso":false,"log_type":"account","traits":{"provider":"google"}}', '2025-09-18 04:27:31.261227+00', ''),
	('00000000-0000-0000-0000-000000000000', '8a6d7f1b-e320-480a-9271-d40649815323', '{"action":"login","actor_id":"d15dfa13-dfc1-47ad-9202-e1b804a64042","actor_name":"Dilshodjon Haydarov","actor_username":"torex.amaki@gmail.com","actor_via_sso":false,"log_type":"account","traits":{"provider":"google"}}', '2025-09-18 04:31:17.738075+00', ''),
	('00000000-0000-0000-0000-000000000000', '0f081116-e3f1-4279-a101-0ed4e998e089', '{"action":"login","actor_id":"d15dfa13-dfc1-47ad-9202-e1b804a64042","actor_name":"Dilshodjon Haydarov","actor_username":"torex.amaki@gmail.com","actor_via_sso":false,"log_type":"account","traits":{"provider":"google"}}', '2025-09-18 04:32:47.901149+00', ''),
	('00000000-0000-0000-0000-000000000000', '566d0498-adfc-4775-8378-afbbf2573aa7', '{"action":"login","actor_id":"d15dfa13-dfc1-47ad-9202-e1b804a64042","actor_name":"Dilshodjon Haydarov","actor_username":"torex.amaki@gmail.com","actor_via_sso":false,"log_type":"account","traits":{"provider":"google"}}', '2025-09-18 04:33:25.851995+00', ''),
	('00000000-0000-0000-0000-000000000000', '253d5329-93ba-466c-b306-e90318cf6c34', '{"action":"login","actor_id":"d15dfa13-dfc1-47ad-9202-e1b804a64042","actor_name":"Dilshodjon Haydarov","actor_username":"torex.amaki@gmail.com","actor_via_sso":false,"log_type":"account","traits":{"provider":"google"}}', '2025-09-18 04:36:25.233859+00', ''),
	('00000000-0000-0000-0000-000000000000', 'cb616575-1916-41a6-b747-5101687fce5f', '{"action":"login","actor_id":"d15dfa13-dfc1-47ad-9202-e1b804a64042","actor_name":"Dilshodjon Haydarov","actor_username":"torex.amaki@gmail.com","actor_via_sso":false,"log_type":"account","traits":{"provider":"google"}}', '2025-09-18 04:43:47.323801+00', ''),
	('00000000-0000-0000-0000-000000000000', '533ddd82-0f4c-4938-a726-612e45d86cf3', '{"action":"login","actor_id":"d15dfa13-dfc1-47ad-9202-e1b804a64042","actor_name":"Dilshodjon Haydarov","actor_username":"torex.amaki@gmail.com","actor_via_sso":false,"log_type":"account","traits":{"provider":"google"}}', '2025-09-18 04:45:19.085501+00', ''),
	('00000000-0000-0000-0000-000000000000', '71e91382-5d94-4ad3-8cbc-513b9865dd29', '{"action":"login","actor_id":"d15dfa13-dfc1-47ad-9202-e1b804a64042","actor_name":"Dilshodjon Haydarov","actor_username":"torex.amaki@gmail.com","actor_via_sso":false,"log_type":"account","traits":{"provider":"google"}}', '2025-09-18 04:47:58.724259+00', ''),
	('00000000-0000-0000-0000-000000000000', 'fe3e4577-da19-4896-b3f1-d46ed94ab2f3', '{"action":"login","actor_id":"d15dfa13-dfc1-47ad-9202-e1b804a64042","actor_name":"Dilshodjon Haydarov","actor_username":"torex.amaki@gmail.com","actor_via_sso":false,"log_type":"account","traits":{"provider":"google"}}', '2025-09-18 04:51:40.478073+00', ''),
	('00000000-0000-0000-0000-000000000000', '5dc53ddc-0af7-4432-8fb7-7430d3d008cf', '{"action":"login","actor_id":"d15dfa13-dfc1-47ad-9202-e1b804a64042","actor_name":"Dilshodjon Haydarov","actor_username":"torex.amaki@gmail.com","actor_via_sso":false,"log_type":"account","traits":{"provider":"google"}}', '2025-09-18 04:55:29.681801+00', ''),
	('00000000-0000-0000-0000-000000000000', 'a25a95d2-dbd4-4c81-a07e-de02d57f790a', '{"action":"login","actor_id":"d15dfa13-dfc1-47ad-9202-e1b804a64042","actor_name":"Dilshodjon Haydarov","actor_username":"torex.amaki@gmail.com","actor_via_sso":false,"log_type":"account","traits":{"provider":"google"}}', '2025-09-18 04:56:55.195388+00', ''),
	('00000000-0000-0000-0000-000000000000', 'ec9227b2-8c69-42d6-8072-8c4ec33737fa', '{"action":"login","actor_id":"d15dfa13-dfc1-47ad-9202-e1b804a64042","actor_name":"Dilshodjon Haydarov","actor_username":"torex.amaki@gmail.com","actor_via_sso":false,"log_type":"account","traits":{"provider":"google"}}', '2025-09-18 04:57:52.867725+00', ''),
	('00000000-0000-0000-0000-000000000000', '6b6a8346-825c-4dad-8ada-05389e88fb72', '{"action":"login","actor_id":"d15dfa13-dfc1-47ad-9202-e1b804a64042","actor_name":"Dilshodjon Haydarov","actor_username":"torex.amaki@gmail.com","actor_via_sso":false,"log_type":"account","traits":{"provider":"google"}}', '2025-09-18 05:00:55.559883+00', ''),
	('00000000-0000-0000-0000-000000000000', 'c90a5ff2-6809-479e-88e3-d1d90a456476', '{"action":"login","actor_id":"d15dfa13-dfc1-47ad-9202-e1b804a64042","actor_name":"Dilshodjon Haydarov","actor_username":"torex.amaki@gmail.com","actor_via_sso":false,"log_type":"account","traits":{"provider":"google"}}', '2025-09-18 05:01:12.410846+00', ''),
	('00000000-0000-0000-0000-000000000000', '018030bc-70a6-4de4-b7a1-b3ecf27f7167', '{"action":"login","actor_id":"d15dfa13-dfc1-47ad-9202-e1b804a64042","actor_name":"Dilshodjon Haydarov","actor_username":"torex.amaki@gmail.com","actor_via_sso":false,"log_type":"account","traits":{"provider":"google"}}', '2025-09-18 05:01:24.600108+00', ''),
	('00000000-0000-0000-0000-000000000000', 'e82ad665-f284-4a9c-8437-bfead1b257bd', '{"action":"login","actor_id":"d15dfa13-dfc1-47ad-9202-e1b804a64042","actor_name":"Dilshodjon Haydarov","actor_username":"torex.amaki@gmail.com","actor_via_sso":false,"log_type":"account","traits":{"provider":"google"}}', '2025-09-18 05:01:41.06227+00', ''),
	('00000000-0000-0000-0000-000000000000', 'f4be0006-f3a3-4b8f-ab64-23ce7d2304ec', '{"action":"login","actor_id":"d15dfa13-dfc1-47ad-9202-e1b804a64042","actor_name":"Dilshodjon Haydarov","actor_username":"torex.amaki@gmail.com","actor_via_sso":false,"log_type":"account","traits":{"provider":"google"}}', '2025-09-18 05:12:49.311597+00', ''),
	('00000000-0000-0000-0000-000000000000', '38c9f727-e47c-4984-a52d-011238c7d305', '{"action":"logout","actor_id":"d15dfa13-dfc1-47ad-9202-e1b804a64042","actor_name":"Dilshodjon Haydarov","actor_username":"torex.amaki@gmail.com","actor_via_sso":false,"log_type":"account"}', '2025-09-18 05:17:10.724742+00', ''),
	('00000000-0000-0000-0000-000000000000', 'e76449c0-e5b9-43cf-bec5-98f8ec05199e', '{"action":"login","actor_id":"d15dfa13-dfc1-47ad-9202-e1b804a64042","actor_name":"Dilshodjon Haydarov","actor_username":"torex.amaki@gmail.com","actor_via_sso":false,"log_type":"account","traits":{"provider":"google"}}', '2025-09-18 05:17:20.332755+00', ''),
	('00000000-0000-0000-0000-000000000000', '0fd2f27e-cac6-44f9-9560-07695ea35931', '{"action":"logout","actor_id":"d15dfa13-dfc1-47ad-9202-e1b804a64042","actor_name":"Dilshodjon Haydarov","actor_username":"torex.amaki@gmail.com","actor_via_sso":false,"log_type":"account"}', '2025-09-18 05:18:32.13613+00', ''),
	('00000000-0000-0000-0000-000000000000', '8065b50f-3fc7-4138-8304-f3072b3a9f5c', '{"action":"login","actor_id":"d15dfa13-dfc1-47ad-9202-e1b804a64042","actor_name":"Dilshodjon Haydarov","actor_username":"torex.amaki@gmail.com","actor_via_sso":false,"log_type":"account","traits":{"provider":"google"}}', '2025-09-18 05:18:40.40254+00', ''),
	('00000000-0000-0000-0000-000000000000', 'd2eda7e9-db49-4114-a122-4dd8f3605923', '{"action":"logout","actor_id":"d15dfa13-dfc1-47ad-9202-e1b804a64042","actor_name":"Dilshodjon Haydarov","actor_username":"torex.amaki@gmail.com","actor_via_sso":false,"log_type":"account"}', '2025-09-18 05:20:41.467251+00', ''),
	('00000000-0000-0000-0000-000000000000', '28997e8b-d9ed-4ff1-8221-3863d7807694', '{"action":"login","actor_id":"d15dfa13-dfc1-47ad-9202-e1b804a64042","actor_name":"Dilshodjon Haydarov","actor_username":"torex.amaki@gmail.com","actor_via_sso":false,"log_type":"account","traits":{"provider":"google"}}', '2025-09-18 05:20:49.438916+00', ''),
	('00000000-0000-0000-0000-000000000000', '6af82443-b67e-42c5-9c2f-6defa4176915', '{"action":"logout","actor_id":"d15dfa13-dfc1-47ad-9202-e1b804a64042","actor_name":"Dilshodjon Haydarov","actor_username":"torex.amaki@gmail.com","actor_via_sso":false,"log_type":"account"}', '2025-09-18 05:30:46.325928+00', ''),
	('00000000-0000-0000-0000-000000000000', '5be3acc9-8710-4ee9-a0a3-0955eb9acf2d', '{"action":"login","actor_id":"d15dfa13-dfc1-47ad-9202-e1b804a64042","actor_name":"Dilshodjon Haydarov","actor_username":"torex.amaki@gmail.com","actor_via_sso":false,"log_type":"account","traits":{"provider":"google"}}', '2025-09-18 05:31:03.863015+00', ''),
	('00000000-0000-0000-0000-000000000000', 'febcf65e-e625-4c7c-a4c3-79e8a42f848b', '{"action":"token_refreshed","actor_id":"d15dfa13-dfc1-47ad-9202-e1b804a64042","actor_name":"Dilshodjon Haydarov","actor_username":"torex.amaki@gmail.com","actor_via_sso":false,"log_type":"token"}', '2025-09-18 07:16:04.516064+00', ''),
	('00000000-0000-0000-0000-000000000000', 'c7fc6812-cb0c-483c-b45e-4103125012c3', '{"action":"token_revoked","actor_id":"d15dfa13-dfc1-47ad-9202-e1b804a64042","actor_name":"Dilshodjon Haydarov","actor_username":"torex.amaki@gmail.com","actor_via_sso":false,"log_type":"token"}', '2025-09-18 07:16:04.530015+00', ''),
	('00000000-0000-0000-0000-000000000000', '527764be-abb8-414a-9759-b541429b746e', '{"action":"login","actor_id":"d15dfa13-dfc1-47ad-9202-e1b804a64042","actor_name":"Dilshodjon Haydarov","actor_username":"torex.amaki@gmail.com","actor_via_sso":false,"log_type":"account","traits":{"provider":"google"}}', '2025-09-18 07:16:52.083928+00', ''),
	('00000000-0000-0000-0000-000000000000', 'eea786f5-9dfe-49c2-80c0-6dc676e1429d', '{"action":"login","actor_id":"d15dfa13-dfc1-47ad-9202-e1b804a64042","actor_name":"Dilshodjon Haydarov","actor_username":"torex.amaki@gmail.com","actor_via_sso":false,"log_type":"account","traits":{"provider":"email"}}', '2025-09-18 08:24:48.049577+00', ''),
	('00000000-0000-0000-0000-000000000000', 'a31f2b56-d174-42e2-85ba-05ebbb7945fc', '{"action":"token_refreshed","actor_id":"d15dfa13-dfc1-47ad-9202-e1b804a64042","actor_name":"Dilshodjon Haydarov","actor_username":"torex.amaki@gmail.com","actor_via_sso":false,"log_type":"token"}', '2025-09-18 08:33:09.265029+00', ''),
	('00000000-0000-0000-0000-000000000000', '534c12fc-5067-4d6d-aba2-52997130f83c', '{"action":"token_revoked","actor_id":"d15dfa13-dfc1-47ad-9202-e1b804a64042","actor_name":"Dilshodjon Haydarov","actor_username":"torex.amaki@gmail.com","actor_via_sso":false,"log_type":"token"}', '2025-09-18 08:33:09.269481+00', ''),
	('00000000-0000-0000-0000-000000000000', '81b56071-5a63-4a6c-a410-fefa37e05bad', '{"action":"login","actor_id":"d15dfa13-dfc1-47ad-9202-e1b804a64042","actor_name":"Dilshodjon Haydarov","actor_username":"torex.amaki@gmail.com","actor_via_sso":false,"log_type":"account","traits":{"provider":"google"}}', '2025-09-18 08:33:39.299442+00', ''),
	('00000000-0000-0000-0000-000000000000', '1f0ef3f0-ef3c-46d8-8d57-ac42cf41048c', '{"action":"login","actor_id":"d15dfa13-dfc1-47ad-9202-e1b804a64042","actor_name":"Dilshodjon Haydarov","actor_username":"torex.amaki@gmail.com","actor_via_sso":false,"log_type":"account","traits":{"provider":"email"}}', '2025-09-18 09:06:00.482961+00', ''),
	('00000000-0000-0000-0000-000000000000', '6642e256-ea81-45bf-9007-f8cdf971554c', '{"action":"login","actor_id":"d15dfa13-dfc1-47ad-9202-e1b804a64042","actor_name":"Dilshodjon Haydarov","actor_username":"torex.amaki@gmail.com","actor_via_sso":false,"log_type":"account","traits":{"provider":"email"}}', '2025-09-18 09:11:25.096542+00', ''),
	('00000000-0000-0000-0000-000000000000', 'a5dbfdb0-9fc5-434f-914d-784ad69bba70', '{"action":"login","actor_id":"d15dfa13-dfc1-47ad-9202-e1b804a64042","actor_name":"Dilshodjon Haydarov","actor_username":"torex.amaki@gmail.com","actor_via_sso":false,"log_type":"account","traits":{"provider":"email"}}', '2025-09-18 09:12:53.531858+00', ''),
	('00000000-0000-0000-0000-000000000000', 'f1e6a5ad-bee2-4ec9-ba4b-256d168fee60', '{"action":"login","actor_id":"d15dfa13-dfc1-47ad-9202-e1b804a64042","actor_name":"Dilshodjon Haydarov","actor_username":"torex.amaki@gmail.com","actor_via_sso":false,"log_type":"account","traits":{"provider":"email"}}', '2025-09-18 09:13:37.381161+00', ''),
	('00000000-0000-0000-0000-000000000000', 'f9798321-ef39-4b72-bc20-57fc739dbd52', '{"action":"login","actor_id":"d15dfa13-dfc1-47ad-9202-e1b804a64042","actor_name":"Dilshodjon Haydarov","actor_username":"torex.amaki@gmail.com","actor_via_sso":false,"log_type":"account","traits":{"provider":"google"}}', '2025-09-18 09:14:05.719607+00', ''),
	('00000000-0000-0000-0000-000000000000', '4c1bd077-9a0a-4702-8f3c-32c7ecca1979', '{"action":"logout","actor_id":"d15dfa13-dfc1-47ad-9202-e1b804a64042","actor_name":"Dilshodjon Haydarov","actor_username":"torex.amaki@gmail.com","actor_via_sso":false,"log_type":"account"}', '2025-09-18 09:15:11.08096+00', ''),
	('00000000-0000-0000-0000-000000000000', 'eb6dc11c-f5d9-456a-9e6b-132dc6bec8f4', '{"action":"login","actor_id":"d15dfa13-dfc1-47ad-9202-e1b804a64042","actor_name":"Dilshodjon Haydarov","actor_username":"torex.amaki@gmail.com","actor_via_sso":false,"log_type":"account","traits":{"provider":"email"}}', '2025-09-18 09:15:26.189844+00', ''),
	('00000000-0000-0000-0000-000000000000', 'a9609761-e93e-4660-ae4f-79ba3173eaf2', '{"action":"login","actor_id":"d15dfa13-dfc1-47ad-9202-e1b804a64042","actor_name":"Dilshodjon Haydarov","actor_username":"torex.amaki@gmail.com","actor_via_sso":false,"log_type":"account","traits":{"provider":"google"}}', '2025-09-18 09:42:34.745611+00', ''),
	('00000000-0000-0000-0000-000000000000', '8ed0c01d-bf2a-464d-ba38-4653e14a3987', '{"action":"token_refreshed","actor_id":"d15dfa13-dfc1-47ad-9202-e1b804a64042","actor_name":"Dilshodjon Haydarov","actor_username":"torex.amaki@gmail.com","actor_via_sso":false,"log_type":"token"}', '2025-09-18 10:13:44.174732+00', ''),
	('00000000-0000-0000-0000-000000000000', '7ccd017c-09a1-4133-8c96-b0bc123736f3', '{"action":"token_revoked","actor_id":"d15dfa13-dfc1-47ad-9202-e1b804a64042","actor_name":"Dilshodjon Haydarov","actor_username":"torex.amaki@gmail.com","actor_via_sso":false,"log_type":"token"}', '2025-09-18 10:13:44.179508+00', ''),
	('00000000-0000-0000-0000-000000000000', '5b04ade9-793c-440d-805b-49c778002361', '{"action":"logout","actor_id":"d15dfa13-dfc1-47ad-9202-e1b804a64042","actor_name":"Dilshodjon Haydarov","actor_username":"torex.amaki@gmail.com","actor_via_sso":false,"log_type":"account"}', '2025-09-18 10:51:07.544789+00', ''),
	('00000000-0000-0000-0000-000000000000', '5400b4b8-8eec-4c9c-8dbf-8bb1bc095482', '{"action":"login","actor_id":"d15dfa13-dfc1-47ad-9202-e1b804a64042","actor_name":"Dilshodjon Haydarov","actor_username":"torex.amaki@gmail.com","actor_via_sso":false,"log_type":"account","traits":{"provider":"google"}}', '2025-09-18 12:01:56.942697+00', ''),
	('00000000-0000-0000-0000-000000000000', '98563582-3f9b-4a43-8257-11b9b236a646', '{"action":"login","actor_id":"d15dfa13-dfc1-47ad-9202-e1b804a64042","actor_name":"Dilshodjon Haydarov","actor_username":"torex.amaki@gmail.com","actor_via_sso":false,"log_type":"account","traits":{"provider":"google"}}', '2025-09-18 12:02:12.714592+00', ''),
	('00000000-0000-0000-0000-000000000000', 'a0aa6810-8eb1-4afb-b8c9-00c5232ae030', '{"action":"login","actor_id":"d15dfa13-dfc1-47ad-9202-e1b804a64042","actor_name":"Dilshodjon Haydarov","actor_username":"torex.amaki@gmail.com","actor_via_sso":false,"log_type":"account","traits":{"provider":"google"}}', '2025-09-18 12:02:37.678526+00', ''),
	('00000000-0000-0000-0000-000000000000', 'dc4645db-1e95-4779-a0a4-8547a01b78a2', '{"action":"login","actor_id":"d15dfa13-dfc1-47ad-9202-e1b804a64042","actor_name":"Dilshodjon Haydarov","actor_username":"torex.amaki@gmail.com","actor_via_sso":false,"log_type":"account","traits":{"provider":"google"}}', '2025-09-18 12:04:01.596641+00', ''),
	('00000000-0000-0000-0000-000000000000', '21a2f549-0084-4f8b-8203-4ec42337f739', '{"action":"login","actor_id":"d15dfa13-dfc1-47ad-9202-e1b804a64042","actor_name":"Dilshodjon Haydarov","actor_username":"torex.amaki@gmail.com","actor_via_sso":false,"log_type":"account","traits":{"provider":"google"}}', '2025-09-18 12:04:44.507471+00', ''),
	('00000000-0000-0000-0000-000000000000', 'f75f0b1e-2670-4ea8-b4ea-b8ee884fbacc', '{"action":"login","actor_id":"d15dfa13-dfc1-47ad-9202-e1b804a64042","actor_name":"Dilshodjon Haydarov","actor_username":"torex.amaki@gmail.com","actor_via_sso":false,"log_type":"account","traits":{"provider":"google"}}', '2025-09-18 12:06:01.10511+00', ''),
	('00000000-0000-0000-0000-000000000000', '6a1807cd-2cf4-410c-b88c-18809dbdae68', '{"action":"login","actor_id":"d15dfa13-dfc1-47ad-9202-e1b804a64042","actor_name":"Dilshodjon Haydarov","actor_username":"torex.amaki@gmail.com","actor_via_sso":false,"log_type":"account","traits":{"provider":"google"}}', '2025-09-18 12:10:18.007751+00', ''),
	('00000000-0000-0000-0000-000000000000', '2f15a740-52f9-433b-8129-007c019c8b97', '{"action":"login","actor_id":"d15dfa13-dfc1-47ad-9202-e1b804a64042","actor_name":"Dilshodjon Haydarov","actor_username":"torex.amaki@gmail.com","actor_via_sso":false,"log_type":"account","traits":{"provider":"google"}}', '2025-09-18 12:10:27.735958+00', ''),
	('00000000-0000-0000-0000-000000000000', '3f9c7e97-f049-4a58-9b44-bc87c8e47052', '{"action":"login","actor_id":"d15dfa13-dfc1-47ad-9202-e1b804a64042","actor_name":"Dilshodjon Haydarov","actor_username":"torex.amaki@gmail.com","actor_via_sso":false,"log_type":"account","traits":{"provider":"google"}}', '2025-09-18 12:15:43.877216+00', ''),
	('00000000-0000-0000-0000-000000000000', '81d75d28-555e-4400-a83b-d07f71dd6d22', '{"action":"login","actor_id":"d15dfa13-dfc1-47ad-9202-e1b804a64042","actor_name":"Dilshodjon Haydarov","actor_username":"torex.amaki@gmail.com","actor_via_sso":false,"log_type":"account","traits":{"provider":"google"}}', '2025-09-18 12:16:15.122351+00', ''),
	('00000000-0000-0000-0000-000000000000', '8ed97d34-0bc0-4eb2-9efd-48d51cec27ac', '{"action":"login","actor_id":"d15dfa13-dfc1-47ad-9202-e1b804a64042","actor_name":"Dilshodjon Haydarov","actor_username":"torex.amaki@gmail.com","actor_via_sso":false,"log_type":"account","traits":{"provider":"google"}}', '2025-09-18 12:27:55.851258+00', ''),
	('00000000-0000-0000-0000-000000000000', '087feecb-c1b1-4890-9665-4f7aa47045b9', '{"action":"login","actor_id":"d15dfa13-dfc1-47ad-9202-e1b804a64042","actor_name":"Dilshodjon Haydarov","actor_username":"torex.amaki@gmail.com","actor_via_sso":false,"log_type":"account","traits":{"provider":"email"}}', '2025-09-18 12:31:32.926838+00', ''),
	('00000000-0000-0000-0000-000000000000', 'd1e2db82-0567-4e38-a1ae-6862ea59677e', '{"action":"logout","actor_id":"d15dfa13-dfc1-47ad-9202-e1b804a64042","actor_name":"Dilshodjon Haydarov","actor_username":"torex.amaki@gmail.com","actor_via_sso":false,"log_type":"account"}', '2025-09-18 12:59:06.375941+00', ''),
	('00000000-0000-0000-0000-000000000000', '4ff0e65f-4076-47d3-8c89-166c233a20ec', '{"action":"login","actor_id":"d15dfa13-dfc1-47ad-9202-e1b804a64042","actor_name":"Dilshodjon Haydarov","actor_username":"torex.amaki@gmail.com","actor_via_sso":false,"log_type":"account","traits":{"provider":"email"}}', '2025-09-18 13:12:15.494651+00', ''),
	('00000000-0000-0000-0000-000000000000', '959ca024-ba42-45a8-994e-488fede00bb1', '{"action":"token_refreshed","actor_id":"d15dfa13-dfc1-47ad-9202-e1b804a64042","actor_name":"Dilshodjon Haydarov","actor_username":"torex.amaki@gmail.com","actor_via_sso":false,"log_type":"token"}', '2025-09-18 14:32:54.537558+00', ''),
	('00000000-0000-0000-0000-000000000000', '65526938-8d2a-431f-bafc-9641cd37511f', '{"action":"token_revoked","actor_id":"d15dfa13-dfc1-47ad-9202-e1b804a64042","actor_name":"Dilshodjon Haydarov","actor_username":"torex.amaki@gmail.com","actor_via_sso":false,"log_type":"token"}', '2025-09-18 14:32:54.545973+00', ''),
	('00000000-0000-0000-0000-000000000000', '03a10738-5460-4c25-8eb0-e4eab67d8f8c', '{"action":"token_refreshed","actor_id":"d15dfa13-dfc1-47ad-9202-e1b804a64042","actor_name":"Dilshodjon Haydarov","actor_username":"torex.amaki@gmail.com","actor_via_sso":false,"log_type":"token"}', '2025-09-18 16:31:40.064953+00', ''),
	('00000000-0000-0000-0000-000000000000', '02ccae62-dd8b-48c7-89d9-a21ca86b491d', '{"action":"token_revoked","actor_id":"d15dfa13-dfc1-47ad-9202-e1b804a64042","actor_name":"Dilshodjon Haydarov","actor_username":"torex.amaki@gmail.com","actor_via_sso":false,"log_type":"token"}', '2025-09-18 16:31:40.091704+00', ''),
	('00000000-0000-0000-0000-000000000000', 'abc7355d-1773-4bcc-8e1d-e130c2a3d35c', '{"action":"token_refreshed","actor_id":"d15dfa13-dfc1-47ad-9202-e1b804a64042","actor_name":"Dilshodjon Haydarov","actor_username":"torex.amaki@gmail.com","actor_via_sso":false,"log_type":"token"}', '2025-09-18 18:05:29.179054+00', ''),
	('00000000-0000-0000-0000-000000000000', 'ec4fd43d-cdd4-4090-99a1-160d26bef773', '{"action":"token_revoked","actor_id":"d15dfa13-dfc1-47ad-9202-e1b804a64042","actor_name":"Dilshodjon Haydarov","actor_username":"torex.amaki@gmail.com","actor_via_sso":false,"log_type":"token"}', '2025-09-18 18:05:29.192362+00', ''),
	('00000000-0000-0000-0000-000000000000', '0eeba9c7-0286-4332-9be0-0c880dab86b7', '{"action":"token_refreshed","actor_id":"d15dfa13-dfc1-47ad-9202-e1b804a64042","actor_name":"Dilshodjon Haydarov","actor_username":"torex.amaki@gmail.com","actor_via_sso":false,"log_type":"token"}', '2025-09-18 19:04:22.310587+00', ''),
	('00000000-0000-0000-0000-000000000000', 'afb90bd7-b86a-4233-a4fa-8fae44ad4924', '{"action":"token_revoked","actor_id":"d15dfa13-dfc1-47ad-9202-e1b804a64042","actor_name":"Dilshodjon Haydarov","actor_username":"torex.amaki@gmail.com","actor_via_sso":false,"log_type":"token"}', '2025-09-18 19:04:22.321833+00', ''),
	('00000000-0000-0000-0000-000000000000', 'e59734b4-1dab-4e21-8316-09cbe09af663', '{"action":"token_refreshed","actor_id":"d15dfa13-dfc1-47ad-9202-e1b804a64042","actor_name":"Dilshodjon Haydarov","actor_username":"torex.amaki@gmail.com","actor_via_sso":false,"log_type":"token"}', '2025-09-18 20:04:26.832806+00', ''),
	('00000000-0000-0000-0000-000000000000', 'e0ffa979-2cd2-4c86-9052-4ef77dda52f6', '{"action":"token_revoked","actor_id":"d15dfa13-dfc1-47ad-9202-e1b804a64042","actor_name":"Dilshodjon Haydarov","actor_username":"torex.amaki@gmail.com","actor_via_sso":false,"log_type":"token"}', '2025-09-18 20:04:26.850913+00', ''),
	('00000000-0000-0000-0000-000000000000', '3623d639-dc8f-493e-a8a9-f9a7084b3143', '{"action":"token_refreshed","actor_id":"d15dfa13-dfc1-47ad-9202-e1b804a64042","actor_name":"Dilshodjon Haydarov","actor_username":"torex.amaki@gmail.com","actor_via_sso":false,"log_type":"token"}', '2025-09-18 21:34:27.345622+00', ''),
	('00000000-0000-0000-0000-000000000000', '9866bc46-197a-4599-a0f9-cb10b9f08448', '{"action":"token_revoked","actor_id":"d15dfa13-dfc1-47ad-9202-e1b804a64042","actor_name":"Dilshodjon Haydarov","actor_username":"torex.amaki@gmail.com","actor_via_sso":false,"log_type":"token"}', '2025-09-18 21:34:27.363523+00', ''),
	('00000000-0000-0000-0000-000000000000', 'ab880c8b-57b6-4110-8efb-d2edb19a9f9b', '{"action":"token_refreshed","actor_id":"d15dfa13-dfc1-47ad-9202-e1b804a64042","actor_name":"Dilshodjon Haydarov","actor_username":"torex.amaki@gmail.com","actor_via_sso":false,"log_type":"token"}', '2025-09-18 22:33:22.093276+00', ''),
	('00000000-0000-0000-0000-000000000000', '5bbd132d-74bd-46e7-8616-ee151437f0c8', '{"action":"token_revoked","actor_id":"d15dfa13-dfc1-47ad-9202-e1b804a64042","actor_name":"Dilshodjon Haydarov","actor_username":"torex.amaki@gmail.com","actor_via_sso":false,"log_type":"token"}', '2025-09-18 22:33:22.107643+00', ''),
	('00000000-0000-0000-0000-000000000000', '63ff95cd-027a-401c-8428-efe6ebd073d4', '{"action":"token_refreshed","actor_id":"d15dfa13-dfc1-47ad-9202-e1b804a64042","actor_name":"Dilshodjon Haydarov","actor_username":"torex.amaki@gmail.com","actor_via_sso":false,"log_type":"token"}', '2025-09-18 23:51:38.848958+00', ''),
	('00000000-0000-0000-0000-000000000000', 'fa643ae6-f8a1-4b30-8bc0-503335d6ec58', '{"action":"token_revoked","actor_id":"d15dfa13-dfc1-47ad-9202-e1b804a64042","actor_name":"Dilshodjon Haydarov","actor_username":"torex.amaki@gmail.com","actor_via_sso":false,"log_type":"token"}', '2025-09-18 23:51:38.865421+00', ''),
	('00000000-0000-0000-0000-000000000000', 'a5b03bf7-33af-40e0-a881-7bde2628fc3e', '{"action":"token_refreshed","actor_id":"d15dfa13-dfc1-47ad-9202-e1b804a64042","actor_name":"Dilshodjon Haydarov","actor_username":"torex.amaki@gmail.com","actor_via_sso":false,"log_type":"token"}', '2025-09-19 01:20:42.907003+00', ''),
	('00000000-0000-0000-0000-000000000000', '0b020cd9-24f2-4f88-b1e5-d81b19d0b72a', '{"action":"token_revoked","actor_id":"d15dfa13-dfc1-47ad-9202-e1b804a64042","actor_name":"Dilshodjon Haydarov","actor_username":"torex.amaki@gmail.com","actor_via_sso":false,"log_type":"token"}', '2025-09-19 01:20:42.924275+00', ''),
	('00000000-0000-0000-0000-000000000000', 'f314d783-27a9-4be7-ab66-3fb69af57f01', '{"action":"token_refreshed","actor_id":"d15dfa13-dfc1-47ad-9202-e1b804a64042","actor_name":"Dilshodjon Haydarov","actor_username":"torex.amaki@gmail.com","actor_via_sso":false,"log_type":"token"}', '2025-09-19 01:52:47.890716+00', ''),
	('00000000-0000-0000-0000-000000000000', '7d53961a-813b-477f-90e0-10e49438d18e', '{"action":"token_refreshed","actor_id":"d15dfa13-dfc1-47ad-9202-e1b804a64042","actor_name":"Dilshodjon Haydarov","actor_username":"torex.amaki@gmail.com","actor_via_sso":false,"log_type":"token"}', '2025-09-19 03:08:52.296308+00', ''),
	('00000000-0000-0000-0000-000000000000', 'bbc96285-32c8-4687-b263-42a6bd567619', '{"action":"token_revoked","actor_id":"d15dfa13-dfc1-47ad-9202-e1b804a64042","actor_name":"Dilshodjon Haydarov","actor_username":"torex.amaki@gmail.com","actor_via_sso":false,"log_type":"token"}', '2025-09-19 03:08:52.306458+00', ''),
	('00000000-0000-0000-0000-000000000000', '9e6c9f59-2e95-455e-82e8-7d358007fad9', '{"action":"token_refreshed","actor_id":"d15dfa13-dfc1-47ad-9202-e1b804a64042","actor_name":"Dilshodjon Haydarov","actor_username":"torex.amaki@gmail.com","actor_via_sso":false,"log_type":"token"}', '2025-09-19 04:22:13.145734+00', ''),
	('00000000-0000-0000-0000-000000000000', 'c0b3bf85-8c90-432b-9e90-2af1f1dcab3b', '{"action":"token_revoked","actor_id":"d15dfa13-dfc1-47ad-9202-e1b804a64042","actor_name":"Dilshodjon Haydarov","actor_username":"torex.amaki@gmail.com","actor_via_sso":false,"log_type":"token"}', '2025-09-19 04:22:13.168967+00', ''),
	('00000000-0000-0000-0000-000000000000', '90d25b15-c6a4-4c66-bee6-1d3d85098aee', '{"action":"token_refreshed","actor_id":"d15dfa13-dfc1-47ad-9202-e1b804a64042","actor_name":"Dilshodjon Haydarov","actor_username":"torex.amaki@gmail.com","actor_via_sso":false,"log_type":"token"}', '2025-09-19 05:48:48.205202+00', ''),
	('00000000-0000-0000-0000-000000000000', 'e1c57808-6adb-448f-810b-8490f6746aaa', '{"action":"token_revoked","actor_id":"d15dfa13-dfc1-47ad-9202-e1b804a64042","actor_name":"Dilshodjon Haydarov","actor_username":"torex.amaki@gmail.com","actor_via_sso":false,"log_type":"token"}', '2025-09-19 05:48:48.217971+00', ''),
	('00000000-0000-0000-0000-000000000000', '42ed4db7-9615-48d0-aa64-e23b95183d71', '{"action":"token_refreshed","actor_id":"d15dfa13-dfc1-47ad-9202-e1b804a64042","actor_name":"Dilshodjon Haydarov","actor_username":"torex.amaki@gmail.com","actor_via_sso":false,"log_type":"token"}', '2025-09-19 06:48:31.267754+00', ''),
	('00000000-0000-0000-0000-000000000000', 'a883548a-d441-4b4d-81f9-3378fd39db78', '{"action":"token_revoked","actor_id":"d15dfa13-dfc1-47ad-9202-e1b804a64042","actor_name":"Dilshodjon Haydarov","actor_username":"torex.amaki@gmail.com","actor_via_sso":false,"log_type":"token"}', '2025-09-19 06:48:31.285832+00', ''),
	('00000000-0000-0000-0000-000000000000', '5d63e6a7-340c-4d0b-a5a0-a12134fb52a9', '{"action":"token_refreshed","actor_id":"d15dfa13-dfc1-47ad-9202-e1b804a64042","actor_name":"Dilshodjon Haydarov","actor_username":"torex.amaki@gmail.com","actor_via_sso":false,"log_type":"token"}', '2025-09-19 09:25:11.254349+00', ''),
	('00000000-0000-0000-0000-000000000000', '429edbed-6677-4287-8620-56d235271a79', '{"action":"token_revoked","actor_id":"d15dfa13-dfc1-47ad-9202-e1b804a64042","actor_name":"Dilshodjon Haydarov","actor_username":"torex.amaki@gmail.com","actor_via_sso":false,"log_type":"token"}', '2025-09-19 09:25:11.279839+00', ''),
	('00000000-0000-0000-0000-000000000000', 'f079050e-fcaf-4749-aae9-37352485b648', '{"action":"token_refreshed","actor_id":"d15dfa13-dfc1-47ad-9202-e1b804a64042","actor_name":"Dilshodjon Haydarov","actor_username":"torex.amaki@gmail.com","actor_via_sso":false,"log_type":"token"}', '2025-09-19 10:23:50.279464+00', ''),
	('00000000-0000-0000-0000-000000000000', 'd3e5d157-7b37-41da-aedc-1d2fe59d0d32', '{"action":"token_revoked","actor_id":"d15dfa13-dfc1-47ad-9202-e1b804a64042","actor_name":"Dilshodjon Haydarov","actor_username":"torex.amaki@gmail.com","actor_via_sso":false,"log_type":"token"}', '2025-09-19 10:23:50.304847+00', ''),
	('00000000-0000-0000-0000-000000000000', '76e2f8e7-7668-415a-847e-923ac0efc203', '{"action":"user_confirmation_requested","actor_id":"33f0b50e-2c1e-4acc-999c-2dc89ff20838","actor_name":"A","actor_username":"hicom4422@gmail.com","actor_via_sso":false,"log_type":"user","traits":{"provider":"email"}}', '2025-09-19 12:28:22.603089+00', ''),
	('00000000-0000-0000-0000-000000000000', '02043968-94b0-420e-a640-479a5f37da9c', '{"action":"user_signedup","actor_id":"33f0b50e-2c1e-4acc-999c-2dc89ff20838","actor_name":"A","actor_username":"hicom4422@gmail.com","actor_via_sso":false,"log_type":"team","traits":{"provider":"email"}}', '2025-09-19 12:29:03.205236+00', ''),
	('00000000-0000-0000-0000-000000000000', 'da816592-9b80-46f6-bd25-606968470ef0', '{"action":"login","actor_id":"33f0b50e-2c1e-4acc-999c-2dc89ff20838","actor_name":"A","actor_username":"hicom4422@gmail.com","actor_via_sso":false,"log_type":"account","traits":{"provider":"email"}}', '2025-09-19 12:29:05.965818+00', ''),
	('00000000-0000-0000-0000-000000000000', '198fe09c-767f-4685-bb12-b17ea0c4b867', '{"action":"logout","actor_id":"33f0b50e-2c1e-4acc-999c-2dc89ff20838","actor_name":"A","actor_username":"hicom4422@gmail.com","actor_via_sso":false,"log_type":"account"}', '2025-09-19 12:31:05.979046+00', ''),
	('00000000-0000-0000-0000-000000000000', 'f967ad33-6630-4e7f-9bce-f9c891855a4b', '{"action":"token_refreshed","actor_id":"d15dfa13-dfc1-47ad-9202-e1b804a64042","actor_name":"Dilshodjon Haydarov","actor_username":"torex.amaki@gmail.com","actor_via_sso":false,"log_type":"token"}', '2025-09-19 12:49:01.694156+00', ''),
	('00000000-0000-0000-0000-000000000000', '1912334c-3096-4dbb-8534-823761060060', '{"action":"token_revoked","actor_id":"d15dfa13-dfc1-47ad-9202-e1b804a64042","actor_name":"Dilshodjon Haydarov","actor_username":"torex.amaki@gmail.com","actor_via_sso":false,"log_type":"token"}', '2025-09-19 12:49:01.702133+00', ''),
	('00000000-0000-0000-0000-000000000000', '39c696b1-f73d-47bc-a01d-1bee096ae9b9', '{"action":"token_refreshed","actor_id":"d15dfa13-dfc1-47ad-9202-e1b804a64042","actor_name":"Dilshodjon Haydarov","actor_username":"torex.amaki@gmail.com","actor_via_sso":false,"log_type":"token"}', '2025-09-19 14:48:15.904118+00', ''),
	('00000000-0000-0000-0000-000000000000', 'f7e1afb5-6b5b-40b2-b333-732385b7fc78', '{"action":"token_revoked","actor_id":"d15dfa13-dfc1-47ad-9202-e1b804a64042","actor_name":"Dilshodjon Haydarov","actor_username":"torex.amaki@gmail.com","actor_via_sso":false,"log_type":"token"}', '2025-09-19 14:48:15.930916+00', ''),
	('00000000-0000-0000-0000-000000000000', 'b0358336-7bce-49a0-abe5-ecc779292a4b', '{"action":"token_refreshed","actor_id":"d15dfa13-dfc1-47ad-9202-e1b804a64042","actor_name":"Dilshodjon Haydarov","actor_username":"torex.amaki@gmail.com","actor_via_sso":false,"log_type":"token"}', '2025-09-19 15:47:32.194836+00', ''),
	('00000000-0000-0000-0000-000000000000', 'a49212a0-3629-44ab-83cc-596c8499d7c1', '{"action":"token_revoked","actor_id":"d15dfa13-dfc1-47ad-9202-e1b804a64042","actor_name":"Dilshodjon Haydarov","actor_username":"torex.amaki@gmail.com","actor_via_sso":false,"log_type":"token"}', '2025-09-19 15:47:32.212919+00', ''),
	('00000000-0000-0000-0000-000000000000', 'ed3e6dfb-7a08-4e03-9dc3-25e7d8ab739b', '{"action":"token_refreshed","actor_id":"d15dfa13-dfc1-47ad-9202-e1b804a64042","actor_name":"Dilshodjon Haydarov","actor_username":"torex.amaki@gmail.com","actor_via_sso":false,"log_type":"token"}', '2025-09-19 16:49:25.242354+00', ''),
	('00000000-0000-0000-0000-000000000000', '2e24c539-5e45-4db2-a29c-45634aac1737', '{"action":"token_revoked","actor_id":"d15dfa13-dfc1-47ad-9202-e1b804a64042","actor_name":"Dilshodjon Haydarov","actor_username":"torex.amaki@gmail.com","actor_via_sso":false,"log_type":"token"}', '2025-09-19 16:49:25.254276+00', ''),
	('00000000-0000-0000-0000-000000000000', '98cf300e-5a00-4a5c-b237-717e129ea842', '{"action":"token_refreshed","actor_id":"d15dfa13-dfc1-47ad-9202-e1b804a64042","actor_name":"Dilshodjon Haydarov","actor_username":"torex.amaki@gmail.com","actor_via_sso":false,"log_type":"token"}', '2025-09-19 17:47:55.496989+00', ''),
	('00000000-0000-0000-0000-000000000000', '5ce6dba7-cd69-4930-ae90-6820f8d5a925', '{"action":"token_revoked","actor_id":"d15dfa13-dfc1-47ad-9202-e1b804a64042","actor_name":"Dilshodjon Haydarov","actor_username":"torex.amaki@gmail.com","actor_via_sso":false,"log_type":"token"}', '2025-09-19 17:47:55.506629+00', ''),
	('00000000-0000-0000-0000-000000000000', '7805cc86-e7d3-43d8-abd5-3909e10f77a9', '{"action":"logout","actor_id":"d15dfa13-dfc1-47ad-9202-e1b804a64042","actor_name":"Dilshodjon Haydarov","actor_username":"torex.amaki@gmail.com","actor_via_sso":false,"log_type":"account"}', '2025-09-19 18:29:43.99663+00', ''),
	('00000000-0000-0000-0000-000000000000', 'a4555600-8b0c-49fc-b35f-c7b163459e25', '{"action":"login","actor_id":"d15dfa13-dfc1-47ad-9202-e1b804a64042","actor_name":"Dilshodjon Haydarov","actor_username":"torex.amaki@gmail.com","actor_via_sso":false,"log_type":"account","traits":{"provider":"email"}}', '2025-09-19 18:31:45.692008+00', ''),
	('00000000-0000-0000-0000-000000000000', '332eed06-2464-48a1-9225-e2f7178bd21d', '{"action":"login","actor_id":"d15dfa13-dfc1-47ad-9202-e1b804a64042","actor_name":"Dilshodjon Haydarov","actor_username":"torex.amaki@gmail.com","actor_via_sso":false,"log_type":"account","traits":{"provider":"google"}}', '2025-09-19 19:23:40.984056+00', ''),
	('00000000-0000-0000-0000-000000000000', '610f0d6a-fa0a-423f-b6ac-30c1024b9be9', '{"action":"token_refreshed","actor_id":"d15dfa13-dfc1-47ad-9202-e1b804a64042","actor_name":"Dilshodjon Haydarov","actor_username":"torex.amaki@gmail.com","actor_via_sso":false,"log_type":"token"}', '2025-09-19 19:30:00.309046+00', ''),
	('00000000-0000-0000-0000-000000000000', '8d812e05-7327-47b4-89ed-a34dbfc3f1e6', '{"action":"token_revoked","actor_id":"d15dfa13-dfc1-47ad-9202-e1b804a64042","actor_name":"Dilshodjon Haydarov","actor_username":"torex.amaki@gmail.com","actor_via_sso":false,"log_type":"token"}', '2025-09-19 19:30:00.316841+00', ''),
	('00000000-0000-0000-0000-000000000000', '4767a6bd-cca9-422d-8a6e-65be5deb56f8', '{"action":"token_refreshed","actor_id":"d15dfa13-dfc1-47ad-9202-e1b804a64042","actor_name":"Dilshodjon Haydarov","actor_username":"torex.amaki@gmail.com","actor_via_sso":false,"log_type":"token"}', '2025-09-19 21:58:59.042283+00', ''),
	('00000000-0000-0000-0000-000000000000', 'a5b2a831-bfcb-4417-9538-61cee902a8f4', '{"action":"token_revoked","actor_id":"d15dfa13-dfc1-47ad-9202-e1b804a64042","actor_name":"Dilshodjon Haydarov","actor_username":"torex.amaki@gmail.com","actor_via_sso":false,"log_type":"token"}', '2025-09-19 21:58:59.074883+00', ''),
	('00000000-0000-0000-0000-000000000000', 'fdde2b64-819d-49a2-9c50-255b66f31d54', '{"action":"token_refreshed","actor_id":"d15dfa13-dfc1-47ad-9202-e1b804a64042","actor_name":"Dilshodjon Haydarov","actor_username":"torex.amaki@gmail.com","actor_via_sso":false,"log_type":"token"}', '2025-09-19 23:01:10.430509+00', ''),
	('00000000-0000-0000-0000-000000000000', 'a0b9e450-6a02-4968-8675-a86a0f7a7bb5', '{"action":"token_revoked","actor_id":"d15dfa13-dfc1-47ad-9202-e1b804a64042","actor_name":"Dilshodjon Haydarov","actor_username":"torex.amaki@gmail.com","actor_via_sso":false,"log_type":"token"}', '2025-09-19 23:01:10.459075+00', ''),
	('00000000-0000-0000-0000-000000000000', '91ee556d-4275-4961-8b39-c2b8a206e116', '{"action":"token_refreshed","actor_id":"d15dfa13-dfc1-47ad-9202-e1b804a64042","actor_name":"Dilshodjon Haydarov","actor_username":"torex.amaki@gmail.com","actor_via_sso":false,"log_type":"token"}', '2025-09-20 00:06:21.422332+00', ''),
	('00000000-0000-0000-0000-000000000000', '55c7cf95-2e21-4ffe-94c0-a29b5ff517f0', '{"action":"token_revoked","actor_id":"d15dfa13-dfc1-47ad-9202-e1b804a64042","actor_name":"Dilshodjon Haydarov","actor_username":"torex.amaki@gmail.com","actor_via_sso":false,"log_type":"token"}', '2025-09-20 00:06:21.447735+00', ''),
	('00000000-0000-0000-0000-000000000000', 'c5c53889-800c-40ae-8b1a-a999fdcfc483', '{"action":"token_refreshed","actor_id":"d15dfa13-dfc1-47ad-9202-e1b804a64042","actor_name":"Dilshodjon Haydarov","actor_username":"torex.amaki@gmail.com","actor_via_sso":false,"log_type":"token"}', '2025-09-20 01:45:34.111335+00', ''),
	('00000000-0000-0000-0000-000000000000', 'de8415c3-2fdb-4a1c-ba48-c8832747769c', '{"action":"token_revoked","actor_id":"d15dfa13-dfc1-47ad-9202-e1b804a64042","actor_name":"Dilshodjon Haydarov","actor_username":"torex.amaki@gmail.com","actor_via_sso":false,"log_type":"token"}', '2025-09-20 01:45:34.132222+00', ''),
	('00000000-0000-0000-0000-000000000000', 'f7126298-16f3-475c-ac09-a87c5d30b194', '{"action":"token_refreshed","actor_id":"d15dfa13-dfc1-47ad-9202-e1b804a64042","actor_name":"Dilshodjon Haydarov","actor_username":"torex.amaki@gmail.com","actor_via_sso":false,"log_type":"token"}', '2025-09-20 02:44:03.910118+00', ''),
	('00000000-0000-0000-0000-000000000000', '9650e953-74fc-4e3d-ab5c-adc1401bb7d6', '{"action":"token_revoked","actor_id":"d15dfa13-dfc1-47ad-9202-e1b804a64042","actor_name":"Dilshodjon Haydarov","actor_username":"torex.amaki@gmail.com","actor_via_sso":false,"log_type":"token"}', '2025-09-20 02:44:03.92349+00', ''),
	('00000000-0000-0000-0000-000000000000', '6aea7cbf-b450-4688-8f38-2f09afde03b4', '{"action":"token_refreshed","actor_id":"d15dfa13-dfc1-47ad-9202-e1b804a64042","actor_name":"Dilshodjon Haydarov","actor_username":"torex.amaki@gmail.com","actor_via_sso":false,"log_type":"token"}', '2025-09-20 02:49:58.067585+00', ''),
	('00000000-0000-0000-0000-000000000000', 'e70f7525-793b-44c0-b17b-78f15f95977c', '{"action":"token_revoked","actor_id":"d15dfa13-dfc1-47ad-9202-e1b804a64042","actor_name":"Dilshodjon Haydarov","actor_username":"torex.amaki@gmail.com","actor_via_sso":false,"log_type":"token"}', '2025-09-20 02:49:58.069866+00', ''),
	('00000000-0000-0000-0000-000000000000', '3ded37f3-b165-47b9-993f-5c5865922ecd', '{"action":"token_refreshed","actor_id":"d15dfa13-dfc1-47ad-9202-e1b804a64042","actor_name":"Dilshodjon Haydarov","actor_username":"torex.amaki@gmail.com","actor_via_sso":false,"log_type":"token"}', '2025-09-20 03:42:34.162559+00', ''),
	('00000000-0000-0000-0000-000000000000', '1efc9463-840b-44a0-9a11-a8ec908d7dc3', '{"action":"token_revoked","actor_id":"d15dfa13-dfc1-47ad-9202-e1b804a64042","actor_name":"Dilshodjon Haydarov","actor_username":"torex.amaki@gmail.com","actor_via_sso":false,"log_type":"token"}', '2025-09-20 03:42:34.171426+00', ''),
	('00000000-0000-0000-0000-000000000000', 'c060e543-5f97-4b78-b052-4d3b143a78ec', '{"action":"token_refreshed","actor_id":"d15dfa13-dfc1-47ad-9202-e1b804a64042","actor_name":"Dilshodjon Haydarov","actor_username":"torex.amaki@gmail.com","actor_via_sso":false,"log_type":"token"}', '2025-09-20 04:20:14.870521+00', ''),
	('00000000-0000-0000-0000-000000000000', '212a8bac-a1e7-4bb4-bd25-5b4991c44c37', '{"action":"token_revoked","actor_id":"d15dfa13-dfc1-47ad-9202-e1b804a64042","actor_name":"Dilshodjon Haydarov","actor_username":"torex.amaki@gmail.com","actor_via_sso":false,"log_type":"token"}', '2025-09-20 04:20:14.884485+00', ''),
	('00000000-0000-0000-0000-000000000000', '882ee812-06d5-4580-9791-02c5c095c37e', '{"action":"token_refreshed","actor_id":"d15dfa13-dfc1-47ad-9202-e1b804a64042","actor_name":"Dilshodjon Haydarov","actor_username":"torex.amaki@gmail.com","actor_via_sso":false,"log_type":"token"}', '2025-09-20 05:47:52.900904+00', ''),
	('00000000-0000-0000-0000-000000000000', 'a9e1a0b4-0ced-4baa-af0f-ec8194a7e845', '{"action":"token_revoked","actor_id":"d15dfa13-dfc1-47ad-9202-e1b804a64042","actor_name":"Dilshodjon Haydarov","actor_username":"torex.amaki@gmail.com","actor_via_sso":false,"log_type":"token"}', '2025-09-20 05:47:52.914381+00', ''),
	('00000000-0000-0000-0000-000000000000', 'd8808e97-0ece-4376-a031-2417d1c9e5a2', '{"action":"token_refreshed","actor_id":"d15dfa13-dfc1-47ad-9202-e1b804a64042","actor_name":"Dilshodjon Haydarov","actor_username":"torex.amaki@gmail.com","actor_via_sso":false,"log_type":"token"}', '2025-09-20 05:50:46.310011+00', ''),
	('00000000-0000-0000-0000-000000000000', '1705c60e-7a81-4dff-8647-fcbd30155e75', '{"action":"token_revoked","actor_id":"d15dfa13-dfc1-47ad-9202-e1b804a64042","actor_name":"Dilshodjon Haydarov","actor_username":"torex.amaki@gmail.com","actor_via_sso":false,"log_type":"token"}', '2025-09-20 05:50:46.311438+00', ''),
	('00000000-0000-0000-0000-000000000000', '33783ab9-c773-45fa-9736-1d1547c1f31c', '{"action":"token_refreshed","actor_id":"d15dfa13-dfc1-47ad-9202-e1b804a64042","actor_name":"Dilshodjon Haydarov","actor_username":"torex.amaki@gmail.com","actor_via_sso":false,"log_type":"token"}', '2025-09-20 06:46:23.558357+00', ''),
	('00000000-0000-0000-0000-000000000000', 'c5484059-d4ef-4f96-82bd-4ad4163452c8', '{"action":"token_revoked","actor_id":"d15dfa13-dfc1-47ad-9202-e1b804a64042","actor_name":"Dilshodjon Haydarov","actor_username":"torex.amaki@gmail.com","actor_via_sso":false,"log_type":"token"}', '2025-09-20 06:46:23.571424+00', ''),
	('00000000-0000-0000-0000-000000000000', '00a2f39e-ef96-4236-b027-de0399b607b5', '{"action":"token_refreshed","actor_id":"d15dfa13-dfc1-47ad-9202-e1b804a64042","actor_name":"Dilshodjon Haydarov","actor_username":"torex.amaki@gmail.com","actor_via_sso":false,"log_type":"token"}', '2025-09-20 16:22:11.822725+00', ''),
	('00000000-0000-0000-0000-000000000000', '3776b307-4e66-43dc-8ff2-232c38cdb6ec', '{"action":"token_revoked","actor_id":"d15dfa13-dfc1-47ad-9202-e1b804a64042","actor_name":"Dilshodjon Haydarov","actor_username":"torex.amaki@gmail.com","actor_via_sso":false,"log_type":"token"}', '2025-09-20 16:22:11.835462+00', ''),
	('00000000-0000-0000-0000-000000000000', 'fd7c8a12-649c-4e79-972e-59a0850e422f', '{"action":"token_refreshed","actor_id":"d15dfa13-dfc1-47ad-9202-e1b804a64042","actor_name":"Dilshodjon Haydarov","actor_username":"torex.amaki@gmail.com","actor_via_sso":false,"log_type":"token"}', '2025-09-20 17:20:13.654953+00', ''),
	('00000000-0000-0000-0000-000000000000', 'bc4c88f1-4d24-48d3-a5d7-8e0ba295be35', '{"action":"token_revoked","actor_id":"d15dfa13-dfc1-47ad-9202-e1b804a64042","actor_name":"Dilshodjon Haydarov","actor_username":"torex.amaki@gmail.com","actor_via_sso":false,"log_type":"token"}', '2025-09-20 17:20:13.672325+00', ''),
	('00000000-0000-0000-0000-000000000000', '21c6fae9-7f5f-4d52-922b-90e2cb55108d', '{"action":"token_refreshed","actor_id":"d15dfa13-dfc1-47ad-9202-e1b804a64042","actor_name":"Dilshodjon Haydarov","actor_username":"torex.amaki@gmail.com","actor_via_sso":false,"log_type":"token"}', '2025-09-20 17:41:09.649672+00', ''),
	('00000000-0000-0000-0000-000000000000', '7197745c-6074-4bf1-a207-ff0dfa81523d', '{"action":"token_revoked","actor_id":"d15dfa13-dfc1-47ad-9202-e1b804a64042","actor_name":"Dilshodjon Haydarov","actor_username":"torex.amaki@gmail.com","actor_via_sso":false,"log_type":"token"}', '2025-09-20 17:41:09.669313+00', ''),
	('00000000-0000-0000-0000-000000000000', 'b1621b45-0223-46d1-9ec3-e61d3788a983', '{"action":"login","actor_id":"d15dfa13-dfc1-47ad-9202-e1b804a64042","actor_name":"Dilshodjon Haydarov","actor_username":"torex.amaki@gmail.com","actor_via_sso":false,"log_type":"account","traits":{"provider":"google"}}', '2025-09-20 17:42:46.047481+00', ''),
	('00000000-0000-0000-0000-000000000000', '781759f6-a898-4c9c-b07d-671ef92f8495', '{"action":"token_refreshed","actor_id":"d15dfa13-dfc1-47ad-9202-e1b804a64042","actor_name":"Dilshodjon Haydarov","actor_username":"torex.amaki@gmail.com","actor_via_sso":false,"log_type":"token"}', '2025-09-20 18:19:19.424069+00', ''),
	('00000000-0000-0000-0000-000000000000', 'd4923442-0f65-4b17-9898-e6a95c3d17e2', '{"action":"token_revoked","actor_id":"d15dfa13-dfc1-47ad-9202-e1b804a64042","actor_name":"Dilshodjon Haydarov","actor_username":"torex.amaki@gmail.com","actor_via_sso":false,"log_type":"token"}', '2025-09-20 18:19:19.452685+00', ''),
	('00000000-0000-0000-0000-000000000000', 'b7e56f05-a4f2-43e1-b033-4021ea16e110', '{"action":"token_refreshed","actor_id":"d15dfa13-dfc1-47ad-9202-e1b804a64042","actor_name":"Dilshodjon Haydarov","actor_username":"torex.amaki@gmail.com","actor_via_sso":false,"log_type":"token"}', '2025-09-20 18:39:39.551901+00', ''),
	('00000000-0000-0000-0000-000000000000', '91acaf76-38a6-4012-a5f9-a8c68992adc9', '{"action":"token_revoked","actor_id":"d15dfa13-dfc1-47ad-9202-e1b804a64042","actor_name":"Dilshodjon Haydarov","actor_username":"torex.amaki@gmail.com","actor_via_sso":false,"log_type":"token"}', '2025-09-20 18:39:39.565066+00', ''),
	('00000000-0000-0000-0000-000000000000', '6912e8e5-409d-4f28-a1ae-9a3d111f81a9', '{"action":"token_refreshed","actor_id":"d15dfa13-dfc1-47ad-9202-e1b804a64042","actor_name":"Dilshodjon Haydarov","actor_username":"torex.amaki@gmail.com","actor_via_sso":false,"log_type":"token"}', '2025-09-20 19:19:21.332004+00', ''),
	('00000000-0000-0000-0000-000000000000', 'e4c0f5cb-27f0-49d6-b1bc-1c69652ea90f', '{"action":"token_revoked","actor_id":"d15dfa13-dfc1-47ad-9202-e1b804a64042","actor_name":"Dilshodjon Haydarov","actor_username":"torex.amaki@gmail.com","actor_via_sso":false,"log_type":"token"}', '2025-09-20 19:19:21.357381+00', ''),
	('00000000-0000-0000-0000-000000000000', 'ed8fe8b1-70d9-4c66-9937-d999cc3df45c', '{"action":"token_refreshed","actor_id":"d15dfa13-dfc1-47ad-9202-e1b804a64042","actor_name":"Dilshodjon Haydarov","actor_username":"torex.amaki@gmail.com","actor_via_sso":false,"log_type":"token"}', '2025-09-20 19:38:39.699788+00', ''),
	('00000000-0000-0000-0000-000000000000', 'f5e43e71-417a-4226-ae9c-07fe6157ca3b', '{"action":"token_revoked","actor_id":"d15dfa13-dfc1-47ad-9202-e1b804a64042","actor_name":"Dilshodjon Haydarov","actor_username":"torex.amaki@gmail.com","actor_via_sso":false,"log_type":"token"}', '2025-09-20 19:38:39.71938+00', ''),
	('00000000-0000-0000-0000-000000000000', '9bc1d3b9-b079-4f0c-9791-c84919be4ffe', '{"action":"token_refreshed","actor_id":"d15dfa13-dfc1-47ad-9202-e1b804a64042","actor_name":"Dilshodjon Haydarov","actor_username":"torex.amaki@gmail.com","actor_via_sso":false,"log_type":"token"}', '2025-09-20 20:17:25.090914+00', ''),
	('00000000-0000-0000-0000-000000000000', '01cc08ee-e17e-4d1e-9b00-61c1a7f837b0', '{"action":"token_revoked","actor_id":"d15dfa13-dfc1-47ad-9202-e1b804a64042","actor_name":"Dilshodjon Haydarov","actor_username":"torex.amaki@gmail.com","actor_via_sso":false,"log_type":"token"}', '2025-09-20 20:17:25.10855+00', ''),
	('00000000-0000-0000-0000-000000000000', 'f7221fcc-fd95-455c-907d-045414fdc748', '{"action":"token_refreshed","actor_id":"d15dfa13-dfc1-47ad-9202-e1b804a64042","actor_name":"Dilshodjon Haydarov","actor_username":"torex.amaki@gmail.com","actor_via_sso":false,"log_type":"token"}', '2025-09-20 20:37:39.72772+00', ''),
	('00000000-0000-0000-0000-000000000000', '59120d90-abd8-4c1b-87b7-8a03f2803fe2', '{"action":"token_revoked","actor_id":"d15dfa13-dfc1-47ad-9202-e1b804a64042","actor_name":"Dilshodjon Haydarov","actor_username":"torex.amaki@gmail.com","actor_via_sso":false,"log_type":"token"}', '2025-09-20 20:37:39.752126+00', ''),
	('00000000-0000-0000-0000-000000000000', '3266eb97-5869-44ad-9761-800d9e2f436c', '{"action":"token_refreshed","actor_id":"d15dfa13-dfc1-47ad-9202-e1b804a64042","actor_name":"Dilshodjon Haydarov","actor_username":"torex.amaki@gmail.com","actor_via_sso":false,"log_type":"token"}', '2025-09-20 21:16:43.993021+00', ''),
	('00000000-0000-0000-0000-000000000000', 'faa789dc-d53d-4460-965c-0b3da0bd25de', '{"action":"token_revoked","actor_id":"d15dfa13-dfc1-47ad-9202-e1b804a64042","actor_name":"Dilshodjon Haydarov","actor_username":"torex.amaki@gmail.com","actor_via_sso":false,"log_type":"token"}', '2025-09-20 21:16:44.008259+00', ''),
	('00000000-0000-0000-0000-000000000000', '58ea7f00-2f2a-4d7f-8107-55243b30857b', '{"action":"token_refreshed","actor_id":"d15dfa13-dfc1-47ad-9202-e1b804a64042","actor_name":"Dilshodjon Haydarov","actor_username":"torex.amaki@gmail.com","actor_via_sso":false,"log_type":"token"}', '2025-09-20 21:36:39.74114+00', ''),
	('00000000-0000-0000-0000-000000000000', 'f0cfef7e-be08-4964-a114-78d9547a888a', '{"action":"token_revoked","actor_id":"d15dfa13-dfc1-47ad-9202-e1b804a64042","actor_name":"Dilshodjon Haydarov","actor_username":"torex.amaki@gmail.com","actor_via_sso":false,"log_type":"token"}', '2025-09-20 21:36:39.763238+00', ''),
	('00000000-0000-0000-0000-000000000000', 'daa359de-67bf-4841-a5c3-0700b282f8da', '{"action":"token_refreshed","actor_id":"d15dfa13-dfc1-47ad-9202-e1b804a64042","actor_name":"Dilshodjon Haydarov","actor_username":"torex.amaki@gmail.com","actor_via_sso":false,"log_type":"token"}', '2025-09-20 22:43:43.713894+00', ''),
	('00000000-0000-0000-0000-000000000000', '99565b43-128f-4562-8ddd-752dd546a0ce', '{"action":"token_revoked","actor_id":"d15dfa13-dfc1-47ad-9202-e1b804a64042","actor_name":"Dilshodjon Haydarov","actor_username":"torex.amaki@gmail.com","actor_via_sso":false,"log_type":"token"}', '2025-09-20 22:43:43.738272+00', ''),
	('00000000-0000-0000-0000-000000000000', '5fc3403f-47c5-4f17-888e-6962087029a1', '{"action":"token_refreshed","actor_id":"d15dfa13-dfc1-47ad-9202-e1b804a64042","actor_name":"Dilshodjon Haydarov","actor_username":"torex.amaki@gmail.com","actor_via_sso":false,"log_type":"token"}', '2025-09-20 23:59:21.513225+00', ''),
	('00000000-0000-0000-0000-000000000000', 'f64cee06-c941-4454-a3ef-de1f7ff85e2e', '{"action":"token_revoked","actor_id":"d15dfa13-dfc1-47ad-9202-e1b804a64042","actor_name":"Dilshodjon Haydarov","actor_username":"torex.amaki@gmail.com","actor_via_sso":false,"log_type":"token"}', '2025-09-20 23:59:21.532841+00', ''),
	('00000000-0000-0000-0000-000000000000', '98de0ac0-de79-4204-9c6b-677d2482494b', '{"action":"token_refreshed","actor_id":"d15dfa13-dfc1-47ad-9202-e1b804a64042","actor_name":"Dilshodjon Haydarov","actor_username":"torex.amaki@gmail.com","actor_via_sso":false,"log_type":"token"}', '2025-09-21 01:52:50.475677+00', ''),
	('00000000-0000-0000-0000-000000000000', '8070b0b3-8fd2-4505-9690-c13ebcbd56b5', '{"action":"token_revoked","actor_id":"d15dfa13-dfc1-47ad-9202-e1b804a64042","actor_name":"Dilshodjon Haydarov","actor_username":"torex.amaki@gmail.com","actor_via_sso":false,"log_type":"token"}', '2025-09-21 01:52:50.504144+00', ''),
	('00000000-0000-0000-0000-000000000000', '61290455-1a51-44d2-9546-2f83f4055f07', '{"action":"token_refreshed","actor_id":"d15dfa13-dfc1-47ad-9202-e1b804a64042","actor_name":"Dilshodjon Haydarov","actor_username":"torex.amaki@gmail.com","actor_via_sso":false,"log_type":"token"}', '2025-09-21 02:53:54.726402+00', ''),
	('00000000-0000-0000-0000-000000000000', '725245b7-ce41-4df0-9525-ced929db13f3', '{"action":"token_revoked","actor_id":"d15dfa13-dfc1-47ad-9202-e1b804a64042","actor_name":"Dilshodjon Haydarov","actor_username":"torex.amaki@gmail.com","actor_via_sso":false,"log_type":"token"}', '2025-09-21 02:53:54.742159+00', ''),
	('00000000-0000-0000-0000-000000000000', 'e0de607d-ca42-4d23-b8d6-2fa8144af888', '{"action":"token_refreshed","actor_id":"d15dfa13-dfc1-47ad-9202-e1b804a64042","actor_name":"Dilshodjon Haydarov","actor_username":"torex.amaki@gmail.com","actor_via_sso":false,"log_type":"token"}', '2025-09-21 03:54:58.83336+00', ''),
	('00000000-0000-0000-0000-000000000000', '372b5e81-7f37-4c23-aba9-4cb198901d94', '{"action":"token_revoked","actor_id":"d15dfa13-dfc1-47ad-9202-e1b804a64042","actor_name":"Dilshodjon Haydarov","actor_username":"torex.amaki@gmail.com","actor_via_sso":false,"log_type":"token"}', '2025-09-21 03:54:58.852536+00', ''),
	('00000000-0000-0000-0000-000000000000', '541eea56-208f-4296-9643-98ae00fec77c', '{"action":"token_refreshed","actor_id":"d15dfa13-dfc1-47ad-9202-e1b804a64042","actor_name":"Dilshodjon Haydarov","actor_username":"torex.amaki@gmail.com","actor_via_sso":false,"log_type":"token"}', '2025-09-21 05:12:56.926797+00', ''),
	('00000000-0000-0000-0000-000000000000', '6d11fabf-4b33-4392-b49b-9a4c7e8b0d57', '{"action":"token_revoked","actor_id":"d15dfa13-dfc1-47ad-9202-e1b804a64042","actor_name":"Dilshodjon Haydarov","actor_username":"torex.amaki@gmail.com","actor_via_sso":false,"log_type":"token"}', '2025-09-21 05:12:56.945188+00', ''),
	('00000000-0000-0000-0000-000000000000', 'b670dc22-5605-4b1c-899b-15b522124847', '{"action":"token_refreshed","actor_id":"d15dfa13-dfc1-47ad-9202-e1b804a64042","actor_name":"Dilshodjon Haydarov","actor_username":"torex.amaki@gmail.com","actor_via_sso":false,"log_type":"token"}', '2025-09-21 06:29:31.490709+00', ''),
	('00000000-0000-0000-0000-000000000000', 'f5e81093-5a40-4e3a-8ff8-c5759c347972', '{"action":"token_revoked","actor_id":"d15dfa13-dfc1-47ad-9202-e1b804a64042","actor_name":"Dilshodjon Haydarov","actor_username":"torex.amaki@gmail.com","actor_via_sso":false,"log_type":"token"}', '2025-09-21 06:29:31.515245+00', ''),
	('00000000-0000-0000-0000-000000000000', 'c7f17812-8e2d-4fc5-ab54-aa2b29f7745e', '{"action":"token_refreshed","actor_id":"d15dfa13-dfc1-47ad-9202-e1b804a64042","actor_name":"Dilshodjon Haydarov","actor_username":"torex.amaki@gmail.com","actor_via_sso":false,"log_type":"token"}', '2025-09-21 07:28:24.378509+00', ''),
	('00000000-0000-0000-0000-000000000000', '7dbfff97-3e7f-4b8e-adcb-bede2fe3a628', '{"action":"token_revoked","actor_id":"d15dfa13-dfc1-47ad-9202-e1b804a64042","actor_name":"Dilshodjon Haydarov","actor_username":"torex.amaki@gmail.com","actor_via_sso":false,"log_type":"token"}', '2025-09-21 07:28:24.398611+00', ''),
	('00000000-0000-0000-0000-000000000000', '6eb2b93e-6c5c-48e6-bdee-3f58bf8d3988', '{"action":"user_confirmation_requested","actor_id":"94f5846b-bb7e-4906-92f5-a2b6a2ee737c","actor_name":"Dilshodjon Haydarov","actor_username":"me.dilshodjon@gmail.com","actor_via_sso":false,"log_type":"user","traits":{"provider":"email"}}', '2025-09-21 08:06:56.166255+00', ''),
	('00000000-0000-0000-0000-000000000000', 'de4a319c-e912-4436-800d-1d92e9cf025e', '{"action":"user_signedup","actor_id":"94f5846b-bb7e-4906-92f5-a2b6a2ee737c","actor_name":"Dilshodjon Haydarov","actor_username":"me.dilshodjon@gmail.com","actor_via_sso":false,"log_type":"team","traits":{"provider":"email"}}', '2025-09-21 08:07:13.592642+00', ''),
	('00000000-0000-0000-0000-000000000000', '7d50a43b-5996-4cda-9f2c-325a0d7120d7', '{"action":"login","actor_id":"94f5846b-bb7e-4906-92f5-a2b6a2ee737c","actor_name":"Dilshodjon Haydarov","actor_username":"me.dilshodjon@gmail.com","actor_via_sso":false,"log_type":"account","traits":{"provider":"email"}}', '2025-09-21 08:09:17.965841+00', ''),
	('00000000-0000-0000-0000-000000000000', '32d67a09-972a-4f5a-a640-df5ef4f7d29f', '{"action":"token_refreshed","actor_id":"d15dfa13-dfc1-47ad-9202-e1b804a64042","actor_name":"Dilshodjon Haydarov","actor_username":"torex.amaki@gmail.com","actor_via_sso":false,"log_type":"token"}', '2025-09-21 08:26:59.04558+00', ''),
	('00000000-0000-0000-0000-000000000000', '3decfdcc-bc11-407c-bfcd-b95e6bfd5b33', '{"action":"token_revoked","actor_id":"d15dfa13-dfc1-47ad-9202-e1b804a64042","actor_name":"Dilshodjon Haydarov","actor_username":"torex.amaki@gmail.com","actor_via_sso":false,"log_type":"token"}', '2025-09-21 08:26:59.064996+00', ''),
	('00000000-0000-0000-0000-000000000000', 'ce76371b-7d8b-4251-8670-80301e3e72c4', '{"action":"token_refreshed","actor_id":"d15dfa13-dfc1-47ad-9202-e1b804a64042","actor_name":"Dilshodjon Haydarov","actor_username":"torex.amaki@gmail.com","actor_via_sso":false,"log_type":"token"}', '2025-09-21 09:05:55.733402+00', ''),
	('00000000-0000-0000-0000-000000000000', '0f430ca7-3f82-4ab5-bdeb-bcd6e768370a', '{"action":"token_revoked","actor_id":"d15dfa13-dfc1-47ad-9202-e1b804a64042","actor_name":"Dilshodjon Haydarov","actor_username":"torex.amaki@gmail.com","actor_via_sso":false,"log_type":"token"}', '2025-09-21 09:05:55.754002+00', ''),
	('00000000-0000-0000-0000-000000000000', 'b70507c3-aa4c-485c-a6c5-ea802787afc5', '{"action":"token_refreshed","actor_id":"d15dfa13-dfc1-47ad-9202-e1b804a64042","actor_name":"Dilshodjon Haydarov","actor_username":"torex.amaki@gmail.com","actor_via_sso":false,"log_type":"token"}', '2025-09-21 09:25:31.151522+00', ''),
	('00000000-0000-0000-0000-000000000000', '27528542-1b4e-4042-873b-0a6260888bbd', '{"action":"token_revoked","actor_id":"d15dfa13-dfc1-47ad-9202-e1b804a64042","actor_name":"Dilshodjon Haydarov","actor_username":"torex.amaki@gmail.com","actor_via_sso":false,"log_type":"token"}', '2025-09-21 09:25:31.168224+00', ''),
	('00000000-0000-0000-0000-000000000000', 'e6eb57d1-26ed-46ff-ae75-9a54f88b36d6', '{"action":"token_refreshed","actor_id":"d15dfa13-dfc1-47ad-9202-e1b804a64042","actor_name":"Dilshodjon Haydarov","actor_username":"torex.amaki@gmail.com","actor_via_sso":false,"log_type":"token"}', '2025-09-21 10:24:01.835613+00', ''),
	('00000000-0000-0000-0000-000000000000', '082f5b8d-f0ee-4308-b7a5-5e4cd3c4ec44', '{"action":"token_revoked","actor_id":"d15dfa13-dfc1-47ad-9202-e1b804a64042","actor_name":"Dilshodjon Haydarov","actor_username":"torex.amaki@gmail.com","actor_via_sso":false,"log_type":"token"}', '2025-09-21 10:24:01.858543+00', ''),
	('00000000-0000-0000-0000-000000000000', '46b71bc7-90e8-4ad1-8340-3cd2dd6a7c18', '{"action":"token_refreshed","actor_id":"d15dfa13-dfc1-47ad-9202-e1b804a64042","actor_name":"Dilshodjon Haydarov","actor_username":"torex.amaki@gmail.com","actor_via_sso":false,"log_type":"token"}', '2025-09-21 11:22:33.182872+00', ''),
	('00000000-0000-0000-0000-000000000000', 'ca09c51f-9d89-4173-84a3-274c2c43ec47', '{"action":"token_revoked","actor_id":"d15dfa13-dfc1-47ad-9202-e1b804a64042","actor_name":"Dilshodjon Haydarov","actor_username":"torex.amaki@gmail.com","actor_via_sso":false,"log_type":"token"}', '2025-09-21 11:22:33.203431+00', ''),
	('00000000-0000-0000-0000-000000000000', '5e300540-c46e-4135-a3cf-474de99adac9', '{"action":"token_refreshed","actor_id":"d15dfa13-dfc1-47ad-9202-e1b804a64042","actor_name":"Dilshodjon Haydarov","actor_username":"torex.amaki@gmail.com","actor_via_sso":false,"log_type":"token"}', '2025-09-21 12:21:08.311127+00', ''),
	('00000000-0000-0000-0000-000000000000', 'f3ba9270-7eb5-43b9-a382-aa8d8a8129a4', '{"action":"token_revoked","actor_id":"d15dfa13-dfc1-47ad-9202-e1b804a64042","actor_name":"Dilshodjon Haydarov","actor_username":"torex.amaki@gmail.com","actor_via_sso":false,"log_type":"token"}', '2025-09-21 12:21:08.323698+00', ''),
	('00000000-0000-0000-0000-000000000000', '99b0f125-f84b-4661-b1d0-e1c177bd9900', '{"action":"token_refreshed","actor_id":"d15dfa13-dfc1-47ad-9202-e1b804a64042","actor_name":"Dilshodjon Haydarov","actor_username":"torex.amaki@gmail.com","actor_via_sso":false,"log_type":"token"}', '2025-09-21 13:19:41.101779+00', ''),
	('00000000-0000-0000-0000-000000000000', '5672810b-8361-4585-a1da-6fd7e5ba3395', '{"action":"token_revoked","actor_id":"d15dfa13-dfc1-47ad-9202-e1b804a64042","actor_name":"Dilshodjon Haydarov","actor_username":"torex.amaki@gmail.com","actor_via_sso":false,"log_type":"token"}', '2025-09-21 13:19:41.125251+00', ''),
	('00000000-0000-0000-0000-000000000000', '42e3b929-d201-46c3-9e58-0ea6c69e7bdc', '{"action":"token_refreshed","actor_id":"d15dfa13-dfc1-47ad-9202-e1b804a64042","actor_name":"Dilshodjon Haydarov","actor_username":"torex.amaki@gmail.com","actor_via_sso":false,"log_type":"token"}', '2025-09-21 14:24:03.384094+00', ''),
	('00000000-0000-0000-0000-000000000000', '186da114-05b1-4cea-b40d-777bd8be27cc', '{"action":"token_revoked","actor_id":"d15dfa13-dfc1-47ad-9202-e1b804a64042","actor_name":"Dilshodjon Haydarov","actor_username":"torex.amaki@gmail.com","actor_via_sso":false,"log_type":"token"}', '2025-09-21 14:24:03.406582+00', ''),
	('00000000-0000-0000-0000-000000000000', '1656eb2c-5e0d-45e0-be06-0fd38a5537f4', '{"action":"token_refreshed","actor_id":"d15dfa13-dfc1-47ad-9202-e1b804a64042","actor_name":"Dilshodjon Haydarov","actor_username":"torex.amaki@gmail.com","actor_via_sso":false,"log_type":"token"}', '2025-09-21 15:22:34.464162+00', ''),
	('00000000-0000-0000-0000-000000000000', '378a7601-30c3-4dee-85b8-92da8422b2e8', '{"action":"token_revoked","actor_id":"d15dfa13-dfc1-47ad-9202-e1b804a64042","actor_name":"Dilshodjon Haydarov","actor_username":"torex.amaki@gmail.com","actor_via_sso":false,"log_type":"token"}', '2025-09-21 15:22:34.485674+00', ''),
	('00000000-0000-0000-0000-000000000000', 'aae12508-ba22-48f4-9f70-560e7426dc2c', '{"action":"token_refreshed","actor_id":"d15dfa13-dfc1-47ad-9202-e1b804a64042","actor_name":"Dilshodjon Haydarov","actor_username":"torex.amaki@gmail.com","actor_via_sso":false,"log_type":"token"}', '2025-09-21 16:18:05.032684+00', ''),
	('00000000-0000-0000-0000-000000000000', '69eb0b6b-a5f2-4656-81ae-a77e04820f63', '{"action":"token_revoked","actor_id":"d15dfa13-dfc1-47ad-9202-e1b804a64042","actor_name":"Dilshodjon Haydarov","actor_username":"torex.amaki@gmail.com","actor_via_sso":false,"log_type":"token"}', '2025-09-21 16:18:05.053916+00', ''),
	('00000000-0000-0000-0000-000000000000', '89dc4b41-72c3-4a94-b40b-a4551a45d94c', '{"action":"token_refreshed","actor_id":"d15dfa13-dfc1-47ad-9202-e1b804a64042","actor_name":"Dilshodjon Haydarov","actor_username":"torex.amaki@gmail.com","actor_via_sso":false,"log_type":"token"}', '2025-09-21 16:18:05.104274+00', ''),
	('00000000-0000-0000-0000-000000000000', '9245b983-dac7-423b-b330-cf78266b3591', '{"action":"token_refreshed","actor_id":"d15dfa13-dfc1-47ad-9202-e1b804a64042","actor_name":"Dilshodjon Haydarov","actor_username":"torex.amaki@gmail.com","actor_via_sso":false,"log_type":"token"}', '2025-09-21 16:24:22.879753+00', ''),
	('00000000-0000-0000-0000-000000000000', 'bd6e2161-f7a6-4aba-9c32-00ca3afdea7e', '{"action":"token_revoked","actor_id":"d15dfa13-dfc1-47ad-9202-e1b804a64042","actor_name":"Dilshodjon Haydarov","actor_username":"torex.amaki@gmail.com","actor_via_sso":false,"log_type":"token"}', '2025-09-21 16:24:22.886279+00', ''),
	('00000000-0000-0000-0000-000000000000', '33e91aec-0ef9-430e-bb63-10a4fb99a9ab', '{"action":"token_refreshed","actor_id":"d15dfa13-dfc1-47ad-9202-e1b804a64042","actor_name":"Dilshodjon Haydarov","actor_username":"torex.amaki@gmail.com","actor_via_sso":false,"log_type":"token"}', '2025-09-21 17:23:36.668301+00', ''),
	('00000000-0000-0000-0000-000000000000', '65d586b9-8a5d-439b-af09-f0db308ed75f', '{"action":"token_revoked","actor_id":"d15dfa13-dfc1-47ad-9202-e1b804a64042","actor_name":"Dilshodjon Haydarov","actor_username":"torex.amaki@gmail.com","actor_via_sso":false,"log_type":"token"}', '2025-09-21 17:23:36.693841+00', ''),
	('00000000-0000-0000-0000-000000000000', '92001d30-7d9d-4e5e-9303-9bed840ffc49', '{"action":"token_refreshed","actor_id":"d15dfa13-dfc1-47ad-9202-e1b804a64042","actor_name":"Dilshodjon Haydarov","actor_username":"torex.amaki@gmail.com","actor_via_sso":false,"log_type":"token"}', '2025-09-21 18:22:07.827143+00', ''),
	('00000000-0000-0000-0000-000000000000', 'e1fbb156-7c0c-4b2b-8628-a734173a0cac', '{"action":"token_revoked","actor_id":"d15dfa13-dfc1-47ad-9202-e1b804a64042","actor_name":"Dilshodjon Haydarov","actor_username":"torex.amaki@gmail.com","actor_via_sso":false,"log_type":"token"}', '2025-09-21 18:22:07.84693+00', ''),
	('00000000-0000-0000-0000-000000000000', '1defc843-9cf0-46c2-b448-aa9a03956695', '{"action":"token_refreshed","actor_id":"d15dfa13-dfc1-47ad-9202-e1b804a64042","actor_name":"Dilshodjon Haydarov","actor_username":"torex.amaki@gmail.com","actor_via_sso":false,"log_type":"token"}', '2025-09-21 19:20:39.674409+00', ''),
	('00000000-0000-0000-0000-000000000000', 'ed720762-fdf4-4a3e-ae17-42d1feb6c593', '{"action":"token_revoked","actor_id":"d15dfa13-dfc1-47ad-9202-e1b804a64042","actor_name":"Dilshodjon Haydarov","actor_username":"torex.amaki@gmail.com","actor_via_sso":false,"log_type":"token"}', '2025-09-21 19:20:39.694174+00', ''),
	('00000000-0000-0000-0000-000000000000', '54cab233-0d2f-4569-8ef0-73ffc894c44b', '{"action":"token_refreshed","actor_id":"d15dfa13-dfc1-47ad-9202-e1b804a64042","actor_name":"Dilshodjon Haydarov","actor_username":"torex.amaki@gmail.com","actor_via_sso":false,"log_type":"token"}', '2025-09-21 20:19:12.301798+00', ''),
	('00000000-0000-0000-0000-000000000000', 'ef719d85-0ac2-4c7c-9e11-634b6dea300c', '{"action":"token_revoked","actor_id":"d15dfa13-dfc1-47ad-9202-e1b804a64042","actor_name":"Dilshodjon Haydarov","actor_username":"torex.amaki@gmail.com","actor_via_sso":false,"log_type":"token"}', '2025-09-21 20:19:12.321984+00', ''),
	('00000000-0000-0000-0000-000000000000', 'c3c1b9fc-2f79-47bb-be60-36996dd72e52', '{"action":"token_refreshed","actor_id":"d15dfa13-dfc1-47ad-9202-e1b804a64042","actor_name":"Dilshodjon Haydarov","actor_username":"torex.amaki@gmail.com","actor_via_sso":false,"log_type":"token"}', '2025-09-21 21:17:42.740624+00', ''),
	('00000000-0000-0000-0000-000000000000', 'a1f9b2ef-bc2e-475c-9557-02c6c01c59e5', '{"action":"token_revoked","actor_id":"d15dfa13-dfc1-47ad-9202-e1b804a64042","actor_name":"Dilshodjon Haydarov","actor_username":"torex.amaki@gmail.com","actor_via_sso":false,"log_type":"token"}', '2025-09-21 21:17:42.757339+00', ''),
	('00000000-0000-0000-0000-000000000000', 'c4370bca-f42c-4e09-a7de-fe2e160b4e4c', '{"action":"token_refreshed","actor_id":"d15dfa13-dfc1-47ad-9202-e1b804a64042","actor_name":"Dilshodjon Haydarov","actor_username":"torex.amaki@gmail.com","actor_via_sso":false,"log_type":"token"}', '2025-09-21 22:22:36.569071+00', ''),
	('00000000-0000-0000-0000-000000000000', 'ea5f3103-596d-4761-be43-d4ef6190e951', '{"action":"token_revoked","actor_id":"d15dfa13-dfc1-47ad-9202-e1b804a64042","actor_name":"Dilshodjon Haydarov","actor_username":"torex.amaki@gmail.com","actor_via_sso":false,"log_type":"token"}', '2025-09-21 22:22:36.589191+00', ''),
	('00000000-0000-0000-0000-000000000000', 'a5b1efde-321e-49f9-866f-855cb14f8d37', '{"action":"token_refreshed","actor_id":"d15dfa13-dfc1-47ad-9202-e1b804a64042","actor_name":"Dilshodjon Haydarov","actor_username":"torex.amaki@gmail.com","actor_via_sso":false,"log_type":"token"}', '2025-09-21 23:27:40.729664+00', ''),
	('00000000-0000-0000-0000-000000000000', '8b8d29f1-a0d5-4dc5-aa8a-0103a91e4d5d', '{"action":"token_revoked","actor_id":"d15dfa13-dfc1-47ad-9202-e1b804a64042","actor_name":"Dilshodjon Haydarov","actor_username":"torex.amaki@gmail.com","actor_via_sso":false,"log_type":"token"}', '2025-09-21 23:27:40.7538+00', ''),
	('00000000-0000-0000-0000-000000000000', 'cbc68746-0cbb-4e9b-b99d-e2533f862217', '{"action":"token_refreshed","actor_id":"d15dfa13-dfc1-47ad-9202-e1b804a64042","actor_name":"Dilshodjon Haydarov","actor_username":"torex.amaki@gmail.com","actor_via_sso":false,"log_type":"token"}', '2025-09-22 00:32:40.842949+00', ''),
	('00000000-0000-0000-0000-000000000000', '2510e507-7119-495e-be1a-336a6d3ca572', '{"action":"token_revoked","actor_id":"d15dfa13-dfc1-47ad-9202-e1b804a64042","actor_name":"Dilshodjon Haydarov","actor_username":"torex.amaki@gmail.com","actor_via_sso":false,"log_type":"token"}', '2025-09-22 00:32:40.863924+00', ''),
	('00000000-0000-0000-0000-000000000000', '4b4a2a24-77e8-4208-b892-b0639267b95b', '{"action":"token_refreshed","actor_id":"d15dfa13-dfc1-47ad-9202-e1b804a64042","actor_name":"Dilshodjon Haydarov","actor_username":"torex.amaki@gmail.com","actor_via_sso":false,"log_type":"token"}', '2025-09-22 01:34:00.176838+00', ''),
	('00000000-0000-0000-0000-000000000000', '3d9d95ad-8bea-4164-a223-a49f70e5cad8', '{"action":"token_revoked","actor_id":"d15dfa13-dfc1-47ad-9202-e1b804a64042","actor_name":"Dilshodjon Haydarov","actor_username":"torex.amaki@gmail.com","actor_via_sso":false,"log_type":"token"}', '2025-09-22 01:34:00.200192+00', ''),
	('00000000-0000-0000-0000-000000000000', '7e09a8cb-b326-431b-9497-5b52ddead838', '{"action":"token_refreshed","actor_id":"d15dfa13-dfc1-47ad-9202-e1b804a64042","actor_name":"Dilshodjon Haydarov","actor_username":"torex.amaki@gmail.com","actor_via_sso":false,"log_type":"token"}', '2025-09-22 02:37:00.083602+00', ''),
	('00000000-0000-0000-0000-000000000000', '690ef009-5a8d-438b-9dba-1d30ce1c5df7', '{"action":"token_revoked","actor_id":"d15dfa13-dfc1-47ad-9202-e1b804a64042","actor_name":"Dilshodjon Haydarov","actor_username":"torex.amaki@gmail.com","actor_via_sso":false,"log_type":"token"}', '2025-09-22 02:37:00.108325+00', ''),
	('00000000-0000-0000-0000-000000000000', '50567d6d-9a86-4fb8-b10a-be2ec6cfb72f', '{"action":"token_refreshed","actor_id":"d15dfa13-dfc1-47ad-9202-e1b804a64042","actor_name":"Dilshodjon Haydarov","actor_username":"torex.amaki@gmail.com","actor_via_sso":false,"log_type":"token"}', '2025-09-22 03:41:43.329124+00', ''),
	('00000000-0000-0000-0000-000000000000', 'fa8c83fe-46bb-442e-891c-c8cf8ac2bc60', '{"action":"token_revoked","actor_id":"d15dfa13-dfc1-47ad-9202-e1b804a64042","actor_name":"Dilshodjon Haydarov","actor_username":"torex.amaki@gmail.com","actor_via_sso":false,"log_type":"token"}', '2025-09-22 03:41:43.352078+00', ''),
	('00000000-0000-0000-0000-000000000000', '24e9ad89-fb18-4bca-bb55-b37d61f8f3ec', '{"action":"token_refreshed","actor_id":"d15dfa13-dfc1-47ad-9202-e1b804a64042","actor_name":"Dilshodjon Haydarov","actor_username":"torex.amaki@gmail.com","actor_via_sso":false,"log_type":"token"}', '2025-09-22 04:52:19.50437+00', ''),
	('00000000-0000-0000-0000-000000000000', '48bd3c38-8436-4853-ad7c-3360f67ba27b', '{"action":"token_revoked","actor_id":"d15dfa13-dfc1-47ad-9202-e1b804a64042","actor_name":"Dilshodjon Haydarov","actor_username":"torex.amaki@gmail.com","actor_via_sso":false,"log_type":"token"}', '2025-09-22 04:52:19.524942+00', ''),
	('00000000-0000-0000-0000-000000000000', 'ed91723f-15c7-4b05-9ae4-b454db1e0550', '{"action":"token_refreshed","actor_id":"d15dfa13-dfc1-47ad-9202-e1b804a64042","actor_name":"Dilshodjon Haydarov","actor_username":"torex.amaki@gmail.com","actor_via_sso":false,"log_type":"token"}', '2025-09-22 05:50:52.57412+00', ''),
	('00000000-0000-0000-0000-000000000000', 'dbcdabc3-cebb-4709-884f-3cb2ecbbc3ad', '{"action":"token_revoked","actor_id":"d15dfa13-dfc1-47ad-9202-e1b804a64042","actor_name":"Dilshodjon Haydarov","actor_username":"torex.amaki@gmail.com","actor_via_sso":false,"log_type":"token"}', '2025-09-22 05:50:52.585779+00', ''),
	('00000000-0000-0000-0000-000000000000', 'c246ebd0-59ea-45f8-b62c-a74af8dd936a', '{"action":"user_confirmation_requested","actor_id":"7db1de34-b320-464a-9444-2d6b1a782e83","actor_name":" ","actor_username":"yanulka9090@mail.ru","actor_via_sso":false,"log_type":"user","traits":{"provider":"email"}}', '2025-09-22 14:07:52.994637+00', ''),
	('00000000-0000-0000-0000-000000000000', '8b58a4c9-5a5c-4a16-961f-354ddef2af1d', '{"action":"user_confirmation_requested","actor_id":"0e18f09b-e1e8-491c-929c-aed7d1600190","actor_name":"Odil Qosimov","actor_username":"odil0qosimov@gmail.com","actor_via_sso":false,"log_type":"user","traits":{"provider":"email"}}', '2025-09-22 14:31:28.047795+00', ''),
	('00000000-0000-0000-0000-000000000000', 'ad3d683f-2c99-4c68-8481-a94937e2baf2', '{"action":"user_signedup","actor_id":"0e18f09b-e1e8-491c-929c-aed7d1600190","actor_name":"Odil Qosimov","actor_username":"odil0qosimov@gmail.com","actor_via_sso":false,"log_type":"team","traits":{"provider":"google"}}', '2025-09-22 14:33:29.002421+00', ''),
	('00000000-0000-0000-0000-000000000000', '2984ea83-2891-4a54-89ef-49f1d7376896', '{"action":"token_refreshed","actor_id":"d15dfa13-dfc1-47ad-9202-e1b804a64042","actor_name":"Dilshodjon Haydarov","actor_username":"torex.amaki@gmail.com","actor_via_sso":false,"log_type":"token"}', '2025-09-23 04:23:30.12762+00', ''),
	('00000000-0000-0000-0000-000000000000', 'a98ff20c-bd0e-43b4-94fe-f4d08c62ec2f', '{"action":"token_revoked","actor_id":"d15dfa13-dfc1-47ad-9202-e1b804a64042","actor_name":"Dilshodjon Haydarov","actor_username":"torex.amaki@gmail.com","actor_via_sso":false,"log_type":"token"}', '2025-09-23 04:23:30.152358+00', ''),
	('00000000-0000-0000-0000-000000000000', 'f03ac539-2c47-4404-acb4-b8b93b9d18a0', '{"action":"token_refreshed","actor_id":"d15dfa13-dfc1-47ad-9202-e1b804a64042","actor_name":"Dilshodjon Haydarov","actor_username":"torex.amaki@gmail.com","actor_via_sso":false,"log_type":"token"}', '2025-09-23 05:55:00.646715+00', ''),
	('00000000-0000-0000-0000-000000000000', '7d2e30e7-d177-4fda-aa0c-cae5cdf25380', '{"action":"token_revoked","actor_id":"d15dfa13-dfc1-47ad-9202-e1b804a64042","actor_name":"Dilshodjon Haydarov","actor_username":"torex.amaki@gmail.com","actor_via_sso":false,"log_type":"token"}', '2025-09-23 05:55:00.674645+00', ''),
	('00000000-0000-0000-0000-000000000000', '2cb0f444-bf50-44e2-8c3a-764f51cf1a61', '{"action":"token_refreshed","actor_id":"d15dfa13-dfc1-47ad-9202-e1b804a64042","actor_name":"Dilshodjon Haydarov","actor_username":"torex.amaki@gmail.com","actor_via_sso":false,"log_type":"token"}', '2025-09-23 06:53:39.57137+00', ''),
	('00000000-0000-0000-0000-000000000000', 'b6247b32-8d32-4a75-95a5-ee6ea7fd0755', '{"action":"token_revoked","actor_id":"d15dfa13-dfc1-47ad-9202-e1b804a64042","actor_name":"Dilshodjon Haydarov","actor_username":"torex.amaki@gmail.com","actor_via_sso":false,"log_type":"token"}', '2025-09-23 06:53:39.594293+00', ''),
	('00000000-0000-0000-0000-000000000000', 'c7955cc8-bbe8-4ee0-ab60-0b54f351b2db', '{"action":"token_refreshed","actor_id":"d15dfa13-dfc1-47ad-9202-e1b804a64042","actor_name":"Dilshodjon Haydarov","actor_username":"torex.amaki@gmail.com","actor_via_sso":false,"log_type":"token"}', '2025-09-23 07:52:26.326971+00', ''),
	('00000000-0000-0000-0000-000000000000', '148c1b13-113b-4e25-bc7b-db3db5e227cd', '{"action":"token_revoked","actor_id":"d15dfa13-dfc1-47ad-9202-e1b804a64042","actor_name":"Dilshodjon Haydarov","actor_username":"torex.amaki@gmail.com","actor_via_sso":false,"log_type":"token"}', '2025-09-23 07:52:26.344478+00', ''),
	('00000000-0000-0000-0000-000000000000', '4d869ce6-d47d-47a9-82de-82416fe07f1e', '{"action":"token_refreshed","actor_id":"d15dfa13-dfc1-47ad-9202-e1b804a64042","actor_name":"Dilshodjon Haydarov","actor_username":"torex.amaki@gmail.com","actor_via_sso":false,"log_type":"token"}', '2025-09-23 08:54:53.157722+00', ''),
	('00000000-0000-0000-0000-000000000000', '5ea76a94-806e-4e55-ac69-f587b620d420', '{"action":"token_revoked","actor_id":"d15dfa13-dfc1-47ad-9202-e1b804a64042","actor_name":"Dilshodjon Haydarov","actor_username":"torex.amaki@gmail.com","actor_via_sso":false,"log_type":"token"}', '2025-09-23 08:54:53.186559+00', ''),
	('00000000-0000-0000-0000-000000000000', 'be2a0461-442f-4e41-a1bc-485de20d61a1', '{"action":"token_refreshed","actor_id":"d15dfa13-dfc1-47ad-9202-e1b804a64042","actor_name":"Dilshodjon Haydarov","actor_username":"torex.amaki@gmail.com","actor_via_sso":false,"log_type":"token"}', '2025-09-23 09:53:48.360864+00', ''),
	('00000000-0000-0000-0000-000000000000', 'b4c78bbb-5862-4bce-960d-11a9733993b2', '{"action":"token_revoked","actor_id":"d15dfa13-dfc1-47ad-9202-e1b804a64042","actor_name":"Dilshodjon Haydarov","actor_username":"torex.amaki@gmail.com","actor_via_sso":false,"log_type":"token"}', '2025-09-23 09:53:48.381295+00', ''),
	('00000000-0000-0000-0000-000000000000', '5eb0f1e8-fa82-4924-87c3-e20385212eae', '{"action":"token_refreshed","actor_id":"d15dfa13-dfc1-47ad-9202-e1b804a64042","actor_name":"Dilshodjon Haydarov","actor_username":"torex.amaki@gmail.com","actor_via_sso":false,"log_type":"token"}', '2025-09-23 10:52:47.92374+00', ''),
	('00000000-0000-0000-0000-000000000000', 'c65e3bf2-e77c-4df8-b660-374bc7e9c130', '{"action":"token_revoked","actor_id":"d15dfa13-dfc1-47ad-9202-e1b804a64042","actor_name":"Dilshodjon Haydarov","actor_username":"torex.amaki@gmail.com","actor_via_sso":false,"log_type":"token"}', '2025-09-23 10:52:47.943104+00', ''),
	('00000000-0000-0000-0000-000000000000', '418e1383-08b7-4fea-8acf-23ba7f4e623d', '{"action":"login","actor_id":"d15dfa13-dfc1-47ad-9202-e1b804a64042","actor_name":"Dilshodjon Haydarov","actor_username":"torex.amaki@gmail.com","actor_via_sso":false,"log_type":"account","traits":{"provider":"google"}}', '2025-09-23 11:16:52.256156+00', ''),
	('00000000-0000-0000-0000-000000000000', '8b534780-21a5-48d7-924f-3cfd262dfe9f', '{"action":"token_refreshed","actor_id":"d15dfa13-dfc1-47ad-9202-e1b804a64042","actor_name":"Dilshodjon Haydarov","actor_username":"torex.amaki@gmail.com","actor_via_sso":false,"log_type":"token"}', '2025-09-23 11:51:18.825001+00', ''),
	('00000000-0000-0000-0000-000000000000', 'f906ff44-9e7a-49ec-a2b6-6720f6b41c58', '{"action":"token_revoked","actor_id":"d15dfa13-dfc1-47ad-9202-e1b804a64042","actor_name":"Dilshodjon Haydarov","actor_username":"torex.amaki@gmail.com","actor_via_sso":false,"log_type":"token"}', '2025-09-23 11:51:18.845368+00', ''),
	('00000000-0000-0000-0000-000000000000', '93bdead9-8a62-4300-87e9-85c317b19a7b', '{"action":"token_refreshed","actor_id":"d15dfa13-dfc1-47ad-9202-e1b804a64042","actor_name":"Dilshodjon Haydarov","actor_username":"torex.amaki@gmail.com","actor_via_sso":false,"log_type":"token"}', '2025-09-23 12:50:18.039299+00', ''),
	('00000000-0000-0000-0000-000000000000', 'e2081b18-b9f3-4009-a02b-d7d6e3cd589d', '{"action":"token_revoked","actor_id":"d15dfa13-dfc1-47ad-9202-e1b804a64042","actor_name":"Dilshodjon Haydarov","actor_username":"torex.amaki@gmail.com","actor_via_sso":false,"log_type":"token"}', '2025-09-23 12:50:18.057673+00', ''),
	('00000000-0000-0000-0000-000000000000', '6b00f6c6-f913-4afa-9fe0-c550010ad790', '{"action":"token_refreshed","actor_id":"d15dfa13-dfc1-47ad-9202-e1b804a64042","actor_name":"Dilshodjon Haydarov","actor_username":"torex.amaki@gmail.com","actor_via_sso":false,"log_type":"token"}', '2025-09-23 13:48:51.90362+00', ''),
	('00000000-0000-0000-0000-000000000000', '0268435e-71e0-4cce-8a62-507b86bf08ce', '{"action":"token_revoked","actor_id":"d15dfa13-dfc1-47ad-9202-e1b804a64042","actor_name":"Dilshodjon Haydarov","actor_username":"torex.amaki@gmail.com","actor_via_sso":false,"log_type":"token"}', '2025-09-23 13:48:51.929411+00', ''),
	('00000000-0000-0000-0000-000000000000', 'dd726641-5f04-49a8-a0ef-d60d4592bcbf', '{"action":"token_refreshed","actor_id":"d15dfa13-dfc1-47ad-9202-e1b804a64042","actor_name":"Dilshodjon Haydarov","actor_username":"torex.amaki@gmail.com","actor_via_sso":false,"log_type":"token"}', '2025-09-23 16:53:41.268558+00', ''),
	('00000000-0000-0000-0000-000000000000', '0426c91a-2c12-420e-be72-0d11467df15d', '{"action":"token_revoked","actor_id":"d15dfa13-dfc1-47ad-9202-e1b804a64042","actor_name":"Dilshodjon Haydarov","actor_username":"torex.amaki@gmail.com","actor_via_sso":false,"log_type":"token"}', '2025-09-23 16:53:41.292204+00', ''),
	('00000000-0000-0000-0000-000000000000', '13a9b734-d8de-4875-abc2-61acdaf2364f', '{"action":"token_refreshed","actor_id":"d15dfa13-dfc1-47ad-9202-e1b804a64042","actor_name":"Dilshodjon Haydarov","actor_username":"torex.amaki@gmail.com","actor_via_sso":false,"log_type":"token"}', '2025-09-23 17:52:12.255471+00', ''),
	('00000000-0000-0000-0000-000000000000', 'd1c0dd90-8133-40b2-a216-5af88ea77ba2', '{"action":"token_revoked","actor_id":"d15dfa13-dfc1-47ad-9202-e1b804a64042","actor_name":"Dilshodjon Haydarov","actor_username":"torex.amaki@gmail.com","actor_via_sso":false,"log_type":"token"}', '2025-09-23 17:52:12.280532+00', ''),
	('00000000-0000-0000-0000-000000000000', '323e644d-8b1a-4798-9547-b4871e9d5468', '{"action":"token_refreshed","actor_id":"d15dfa13-dfc1-47ad-9202-e1b804a64042","actor_name":"Dilshodjon Haydarov","actor_username":"torex.amaki@gmail.com","actor_via_sso":false,"log_type":"token"}', '2025-09-23 18:50:44.537676+00', ''),
	('00000000-0000-0000-0000-000000000000', 'e663e91a-b6cb-49e2-851a-89bd5e81ae89', '{"action":"token_revoked","actor_id":"d15dfa13-dfc1-47ad-9202-e1b804a64042","actor_name":"Dilshodjon Haydarov","actor_username":"torex.amaki@gmail.com","actor_via_sso":false,"log_type":"token"}', '2025-09-23 18:50:44.563421+00', ''),
	('00000000-0000-0000-0000-000000000000', '14aa6552-cb71-407e-9a7f-1d16fe8630ee', '{"action":"token_refreshed","actor_id":"d15dfa13-dfc1-47ad-9202-e1b804a64042","actor_name":"Dilshodjon Haydarov","actor_username":"torex.amaki@gmail.com","actor_via_sso":false,"log_type":"token"}', '2025-09-23 19:50:38.655427+00', ''),
	('00000000-0000-0000-0000-000000000000', '25bdea66-70f1-4025-be3d-60ff7aaa7434', '{"action":"token_revoked","actor_id":"d15dfa13-dfc1-47ad-9202-e1b804a64042","actor_name":"Dilshodjon Haydarov","actor_username":"torex.amaki@gmail.com","actor_via_sso":false,"log_type":"token"}', '2025-09-23 19:50:38.671871+00', ''),
	('00000000-0000-0000-0000-000000000000', '7f39a477-9f31-438e-a2e2-31e29b676743', '{"action":"token_refreshed","actor_id":"d15dfa13-dfc1-47ad-9202-e1b804a64042","actor_name":"Dilshodjon Haydarov","actor_username":"torex.amaki@gmail.com","actor_via_sso":false,"log_type":"token"}', '2025-09-24 19:11:53.898711+00', ''),
	('00000000-0000-0000-0000-000000000000', 'cd298610-b4b8-49ac-b80f-b9d582ea59f6', '{"action":"token_revoked","actor_id":"d15dfa13-dfc1-47ad-9202-e1b804a64042","actor_name":"Dilshodjon Haydarov","actor_username":"torex.amaki@gmail.com","actor_via_sso":false,"log_type":"token"}', '2025-09-24 19:11:53.920441+00', ''),
	('00000000-0000-0000-0000-000000000000', 'e9efadeb-ea58-4d24-aa30-ddff019381b0', '{"action":"token_refreshed","actor_id":"d15dfa13-dfc1-47ad-9202-e1b804a64042","actor_name":"Dilshodjon Haydarov","actor_username":"torex.amaki@gmail.com","actor_via_sso":false,"log_type":"token"}', '2025-09-24 19:45:02.570645+00', ''),
	('00000000-0000-0000-0000-000000000000', 'b1546552-e8d3-421c-9fc2-d2223b997ec1', '{"action":"token_revoked","actor_id":"d15dfa13-dfc1-47ad-9202-e1b804a64042","actor_name":"Dilshodjon Haydarov","actor_username":"torex.amaki@gmail.com","actor_via_sso":false,"log_type":"token"}', '2025-09-24 19:45:02.585887+00', ''),
	('00000000-0000-0000-0000-000000000000', '41f6be9f-bd39-48f9-93f0-dde9f56b8782', '{"action":"token_refreshed","actor_id":"d15dfa13-dfc1-47ad-9202-e1b804a64042","actor_name":"Dilshodjon Haydarov","actor_username":"torex.amaki@gmail.com","actor_via_sso":false,"log_type":"token"}', '2025-09-24 19:45:02.654192+00', ''),
	('00000000-0000-0000-0000-000000000000', '0d22b7e3-8b66-4b4d-a6f9-574a488a8e3b', '{"action":"token_refreshed","actor_id":"d15dfa13-dfc1-47ad-9202-e1b804a64042","actor_name":"Dilshodjon Haydarov","actor_username":"torex.amaki@gmail.com","actor_via_sso":false,"log_type":"token"}', '2025-09-24 19:47:00.653879+00', ''),
	('00000000-0000-0000-0000-000000000000', '3e05ae5d-c88e-45e3-8e98-804f0224a548', '{"action":"token_revoked","actor_id":"d15dfa13-dfc1-47ad-9202-e1b804a64042","actor_name":"Dilshodjon Haydarov","actor_username":"torex.amaki@gmail.com","actor_via_sso":false,"log_type":"token"}', '2025-09-24 19:47:00.654503+00', ''),
	('00000000-0000-0000-0000-000000000000', '03a79932-2ec4-48ed-94af-df2912fe1838', '{"action":"logout","actor_id":"d15dfa13-dfc1-47ad-9202-e1b804a64042","actor_name":"Dilshodjon Haydarov","actor_username":"torex.amaki@gmail.com","actor_via_sso":false,"log_type":"account"}', '2025-09-24 19:52:21.936795+00', ''),
	('00000000-0000-0000-0000-000000000000', '8cf934c4-e1a4-4486-b07a-80a1ec8919b1', '{"action":"user_confirmation_requested","actor_id":"70701690-8317-49c3-b6fe-fc7c778671e0","actor_name":"Dilshodjon Haydarov","actor_username":"me.dilshordjon@gmail.com","actor_via_sso":false,"log_type":"user","traits":{"provider":"email"}}', '2025-09-25 03:23:40.656664+00', ''),
	('00000000-0000-0000-0000-000000000000', 'e3e60b56-4a69-487e-bca4-a24987485d7d', '{"action":"user_repeated_signup","actor_id":"94f5846b-bb7e-4906-92f5-a2b6a2ee737c","actor_name":"Dilshodjon Haydarov","actor_username":"me.dilshodjon@gmail.com","actor_via_sso":false,"log_type":"user","traits":{"provider":"email"}}', '2025-09-25 03:25:25.809017+00', ''),
	('00000000-0000-0000-0000-000000000000', '9869db4e-0606-4e7a-87db-7e54ca8bbe90', '{"action":"login","actor_id":"94f5846b-bb7e-4906-92f5-a2b6a2ee737c","actor_name":"Dilshodjon Haydarov","actor_username":"me.dilshodjon@gmail.com","actor_via_sso":false,"log_type":"account","traits":{"provider":"email"}}', '2025-09-25 03:25:32.342283+00', ''),
	('00000000-0000-0000-0000-000000000000', '774b5eb6-2e72-4bf6-857a-f67842fa8b43', '{"action":"logout","actor_id":"94f5846b-bb7e-4906-92f5-a2b6a2ee737c","actor_name":"Dilshodjon Haydarov","actor_username":"me.dilshodjon@gmail.com","actor_via_sso":false,"log_type":"account"}', '2025-09-25 03:26:10.355529+00', ''),
	('00000000-0000-0000-0000-000000000000', 'a078c56b-4756-41ec-8d68-c7dc22fe55dc', '{"action":"user_deleted","actor_id":"00000000-0000-0000-0000-000000000000","actor_username":"service_role","actor_via_sso":false,"log_type":"team","traits":{"user_email":"me.dilshodjon@gmail.com","user_id":"94f5846b-bb7e-4906-92f5-a2b6a2ee737c","user_phone":""}}', '2025-09-25 03:26:40.891079+00', ''),
	('00000000-0000-0000-0000-000000000000', '7d24d5f7-1164-485f-96ac-29cd2d83996f', '{"action":"user_deleted","actor_id":"00000000-0000-0000-0000-000000000000","actor_username":"service_role","actor_via_sso":false,"log_type":"team","traits":{"user_email":"dev.dilshodjon@gmail.com","user_id":"34e51a71-a5aa-44d5-856f-94bc789b7255","user_phone":""}}', '2025-09-25 03:26:41.022547+00', ''),
	('00000000-0000-0000-0000-000000000000', '2dc24357-fa7c-4eab-97ad-ba812355a079', '{"action":"user_deleted","actor_id":"00000000-0000-0000-0000-000000000000","actor_username":"service_role","actor_via_sso":false,"log_type":"team","traits":{"user_email":"me.dilshordjon@gmail.com","user_id":"70701690-8317-49c3-b6fe-fc7c778671e0","user_phone":""}}', '2025-09-25 03:26:41.073812+00', ''),
	('00000000-0000-0000-0000-000000000000', 'ecf8c7e0-eb91-45d8-8ed7-7f392d7c0111', '{"action":"user_confirmation_requested","actor_id":"bb615618-0dec-4d16-9fad-f2ee5f507010","actor_name":"Dilshodjon Haydarov","actor_username":"me.dilshodjon@gmail.com","actor_via_sso":false,"log_type":"user","traits":{"provider":"email"}}', '2025-09-25 03:27:35.487391+00', ''),
	('00000000-0000-0000-0000-000000000000', '0f5672d2-af76-479c-8ca8-20b9c258b129', '{"action":"user_signedup","actor_id":"bb615618-0dec-4d16-9fad-f2ee5f507010","actor_name":"Dilshodjon Haydarov","actor_username":"me.dilshodjon@gmail.com","actor_via_sso":false,"log_type":"team","traits":{"provider":"email"}}', '2025-09-25 03:27:53.422934+00', ''),
	('00000000-0000-0000-0000-000000000000', 'f4add8bb-a4ee-4ff1-98d9-810e0691c50d', '{"action":"login","actor_id":"bb615618-0dec-4d16-9fad-f2ee5f507010","actor_name":"Dilshodjon Haydarov","actor_username":"me.dilshodjon@gmail.com","actor_via_sso":false,"log_type":"account","traits":{"provider":"email"}}', '2025-09-25 03:27:57.631897+00', ''),
	('00000000-0000-0000-0000-000000000000', '02bc5538-569d-4ff5-9f64-2d8cb5d11fdc', '{"action":"user_deleted","actor_id":"00000000-0000-0000-0000-000000000000","actor_username":"service_role","actor_via_sso":false,"log_type":"team","traits":{"user_email":"me.dilshodjon@gmail.com","user_id":"bb615618-0dec-4d16-9fad-f2ee5f507010","user_phone":""}}', '2025-09-25 04:07:54.009502+00', ''),
	('00000000-0000-0000-0000-000000000000', '9f2e5a49-1e31-4453-bd23-1067f56aec2b', '{"action":"user_confirmation_requested","actor_id":"2bcf6e38-bc29-42d1-9449-c5ab71622eec","actor_name":"Dilshodjon Haydarov","actor_username":"me.dilshodjon@gmail.com","actor_via_sso":false,"log_type":"user","traits":{"provider":"email"}}', '2025-09-25 04:08:37.855154+00', ''),
	('00000000-0000-0000-0000-000000000000', 'c2cf0eed-5c64-49c8-95e9-0733434fe63d', '{"action":"user_signedup","actor_id":"2bcf6e38-bc29-42d1-9449-c5ab71622eec","actor_name":"Dilshodjon Haydarov","actor_username":"me.dilshodjon@gmail.com","actor_via_sso":false,"log_type":"team","traits":{"provider":"email"}}', '2025-09-25 04:09:06.403245+00', ''),
	('00000000-0000-0000-0000-000000000000', '0f02e14b-8e47-4ed9-824c-a8e59c6b2e65', '{"action":"login","actor_id":"2bcf6e38-bc29-42d1-9449-c5ab71622eec","actor_name":"Dilshodjon Haydarov","actor_username":"me.dilshodjon@gmail.com","actor_via_sso":false,"log_type":"account","traits":{"provider":"email"}}', '2025-09-25 04:09:10.56209+00', ''),
	('00000000-0000-0000-0000-000000000000', 'ad09429c-999d-4e43-93f8-4b1db1f74fa3', '{"action":"token_refreshed","actor_id":"2bcf6e38-bc29-42d1-9449-c5ab71622eec","actor_name":"Dilshodjon Haydarov","actor_username":"me.dilshodjon@gmail.com","actor_via_sso":false,"log_type":"token"}', '2025-09-25 05:07:10.662407+00', ''),
	('00000000-0000-0000-0000-000000000000', '653d1f42-7889-41a1-b62b-cd651dd80941', '{"action":"token_revoked","actor_id":"2bcf6e38-bc29-42d1-9449-c5ab71622eec","actor_name":"Dilshodjon Haydarov","actor_username":"me.dilshodjon@gmail.com","actor_via_sso":false,"log_type":"token"}', '2025-09-25 05:07:10.694015+00', ''),
	('00000000-0000-0000-0000-000000000000', '5ffd260f-7d73-4488-80c8-8915f246cc5e', '{"action":"token_refreshed","actor_id":"2bcf6e38-bc29-42d1-9449-c5ab71622eec","actor_name":"Dilshodjon Haydarov","actor_username":"me.dilshodjon@gmail.com","actor_via_sso":false,"log_type":"token"}', '2025-09-25 05:07:45.314429+00', ''),
	('00000000-0000-0000-0000-000000000000', 'e393c496-8684-4e0c-aa06-7c56f736b33a', '{"action":"token_revoked","actor_id":"2bcf6e38-bc29-42d1-9449-c5ab71622eec","actor_name":"Dilshodjon Haydarov","actor_username":"me.dilshodjon@gmail.com","actor_via_sso":false,"log_type":"token"}', '2025-09-25 05:07:45.315677+00', ''),
	('00000000-0000-0000-0000-000000000000', '11a37049-9982-4a61-bf5d-627c93e7405f', '{"action":"token_refreshed","actor_id":"2bcf6e38-bc29-42d1-9449-c5ab71622eec","actor_name":"Dilshodjon Haydarov","actor_username":"me.dilshodjon@gmail.com","actor_via_sso":false,"log_type":"token"}', '2025-09-25 06:05:44.098436+00', ''),
	('00000000-0000-0000-0000-000000000000', 'dfcc3446-05e7-41fa-aab5-08aa5a022aff', '{"action":"token_revoked","actor_id":"2bcf6e38-bc29-42d1-9449-c5ab71622eec","actor_name":"Dilshodjon Haydarov","actor_username":"me.dilshodjon@gmail.com","actor_via_sso":false,"log_type":"token"}', '2025-09-25 06:05:44.12793+00', ''),
	('00000000-0000-0000-0000-000000000000', '101755dc-7344-4747-971b-b7a800e07e7d', '{"action":"token_refreshed","actor_id":"2bcf6e38-bc29-42d1-9449-c5ab71622eec","actor_name":"Dilshodjon Haydarov","actor_username":"me.dilshodjon@gmail.com","actor_via_sso":false,"log_type":"token"}', '2025-09-25 06:06:55.788553+00', ''),
	('00000000-0000-0000-0000-000000000000', '78e54e5b-e5ab-4ecd-a32f-7611d82777e3', '{"action":"token_revoked","actor_id":"2bcf6e38-bc29-42d1-9449-c5ab71622eec","actor_name":"Dilshodjon Haydarov","actor_username":"me.dilshodjon@gmail.com","actor_via_sso":false,"log_type":"token"}', '2025-09-25 06:06:55.796501+00', ''),
	('00000000-0000-0000-0000-000000000000', 'c9b09a7f-1b1e-4d99-9cf7-5534e8315d84', '{"action":"token_refreshed","actor_id":"2bcf6e38-bc29-42d1-9449-c5ab71622eec","actor_name":"Dilshodjon Haydarov","actor_username":"me.dilshodjon@gmail.com","actor_via_sso":false,"log_type":"token"}', '2025-09-25 07:05:56.521173+00', ''),
	('00000000-0000-0000-0000-000000000000', 'b92dab12-1df1-4496-afe2-48945717a13d', '{"action":"token_revoked","actor_id":"2bcf6e38-bc29-42d1-9449-c5ab71622eec","actor_name":"Dilshodjon Haydarov","actor_username":"me.dilshodjon@gmail.com","actor_via_sso":false,"log_type":"token"}', '2025-09-25 07:05:56.541275+00', ''),
	('00000000-0000-0000-0000-000000000000', '694ec06d-a34c-4123-82b8-00f2a52b83eb', '{"action":"token_refreshed","actor_id":"2bcf6e38-bc29-42d1-9449-c5ab71622eec","actor_name":"Dilshodjon Haydarov","actor_username":"me.dilshodjon@gmail.com","actor_via_sso":false,"log_type":"token"}', '2025-09-25 07:05:58.7429+00', ''),
	('00000000-0000-0000-0000-000000000000', '81fb1a23-8ec4-46f6-b51f-870de96479b7', '{"action":"token_revoked","actor_id":"2bcf6e38-bc29-42d1-9449-c5ab71622eec","actor_name":"Dilshodjon Haydarov","actor_username":"me.dilshodjon@gmail.com","actor_via_sso":false,"log_type":"token"}', '2025-09-25 07:05:58.743977+00', ''),
	('00000000-0000-0000-0000-000000000000', 'ee043d8c-3704-46eb-adba-848b6717d5af', '{"action":"token_refreshed","actor_id":"2bcf6e38-bc29-42d1-9449-c5ab71622eec","actor_name":"Dilshodjon Haydarov","actor_username":"me.dilshodjon@gmail.com","actor_via_sso":false,"log_type":"token"}', '2025-09-25 08:04:32.364142+00', ''),
	('00000000-0000-0000-0000-000000000000', '9dbd43e2-0fd5-4c16-9a4e-7c308d9f6216', '{"action":"token_revoked","actor_id":"2bcf6e38-bc29-42d1-9449-c5ab71622eec","actor_name":"Dilshodjon Haydarov","actor_username":"me.dilshodjon@gmail.com","actor_via_sso":false,"log_type":"token"}', '2025-09-25 08:04:32.534218+00', ''),
	('00000000-0000-0000-0000-000000000000', '5c1f68ab-b11f-4242-9f39-fe739f30e18e', '{"action":"token_refreshed","actor_id":"2bcf6e38-bc29-42d1-9449-c5ab71622eec","actor_name":"Dilshodjon Haydarov","actor_username":"me.dilshodjon@gmail.com","actor_via_sso":false,"log_type":"token"}', '2025-09-25 08:05:14.178678+00', ''),
	('00000000-0000-0000-0000-000000000000', 'c6ea1c99-f5e0-4c2b-892f-b271924f28fe', '{"action":"token_revoked","actor_id":"2bcf6e38-bc29-42d1-9449-c5ab71622eec","actor_name":"Dilshodjon Haydarov","actor_username":"me.dilshodjon@gmail.com","actor_via_sso":false,"log_type":"token"}', '2025-09-25 08:05:14.203048+00', ''),
	('00000000-0000-0000-0000-000000000000', 'be7690d6-45f2-43e2-913c-accb414e927a', '{"action":"token_refreshed","actor_id":"2bcf6e38-bc29-42d1-9449-c5ab71622eec","actor_name":"Dilshodjon Haydarov","actor_username":"me.dilshodjon@gmail.com","actor_via_sso":false,"log_type":"token"}', '2025-09-25 09:03:16.297594+00', ''),
	('00000000-0000-0000-0000-000000000000', '24edfc83-767f-4220-9007-bbaaf700dc7f', '{"action":"token_revoked","actor_id":"2bcf6e38-bc29-42d1-9449-c5ab71622eec","actor_name":"Dilshodjon Haydarov","actor_username":"me.dilshodjon@gmail.com","actor_via_sso":false,"log_type":"token"}', '2025-09-25 09:03:16.322022+00', ''),
	('00000000-0000-0000-0000-000000000000', '4f7a8868-e5db-43a5-a0a7-504f12e44594', '{"action":"token_refreshed","actor_id":"2bcf6e38-bc29-42d1-9449-c5ab71622eec","actor_name":"Dilshodjon Haydarov","actor_username":"me.dilshodjon@gmail.com","actor_via_sso":false,"log_type":"token"}', '2025-09-25 09:03:31.696933+00', ''),
	('00000000-0000-0000-0000-000000000000', 'b5ee5c14-ba0b-43ea-9310-6f9c7f5dcb62', '{"action":"token_revoked","actor_id":"2bcf6e38-bc29-42d1-9449-c5ab71622eec","actor_name":"Dilshodjon Haydarov","actor_username":"me.dilshodjon@gmail.com","actor_via_sso":false,"log_type":"token"}', '2025-09-25 09:03:31.698437+00', ''),
	('00000000-0000-0000-0000-000000000000', 'd25e6311-820c-4c3b-8c4d-92ebee498f99', '{"action":"logout","actor_id":"2bcf6e38-bc29-42d1-9449-c5ab71622eec","actor_name":"Dilshodjon Haydarov","actor_username":"me.dilshodjon@gmail.com","actor_via_sso":false,"log_type":"account"}', '2025-09-25 09:14:28.053394+00', ''),
	('00000000-0000-0000-0000-000000000000', '1dc232fc-68a8-498a-9f01-f13702a09da6', '{"action":"login","actor_id":"2bcf6e38-bc29-42d1-9449-c5ab71622eec","actor_name":"Dilshodjon Haydarov","actor_username":"me.dilshodjon@gmail.com","actor_via_sso":false,"log_type":"account","traits":{"provider":"email"}}', '2025-09-25 09:24:38.764639+00', ''),
	('00000000-0000-0000-0000-000000000000', '9bb64ca2-b593-4e7d-9b8b-7b14a4c6d094', '{"action":"token_refreshed","actor_id":"2bcf6e38-bc29-42d1-9449-c5ab71622eec","actor_name":"Dilshodjon Haydarov","actor_username":"me.dilshodjon@gmail.com","actor_via_sso":false,"log_type":"token"}', '2025-09-25 10:24:35.368447+00', ''),
	('00000000-0000-0000-0000-000000000000', 'be176ca9-c713-4f69-ba04-8e1ca665de62', '{"action":"token_revoked","actor_id":"2bcf6e38-bc29-42d1-9449-c5ab71622eec","actor_name":"Dilshodjon Haydarov","actor_username":"me.dilshodjon@gmail.com","actor_via_sso":false,"log_type":"token"}', '2025-09-25 10:24:35.392448+00', ''),
	('00000000-0000-0000-0000-000000000000', '84c3b8ad-9ed2-4326-9940-1cae7848764e', '{"action":"token_refreshed","actor_id":"2bcf6e38-bc29-42d1-9449-c5ab71622eec","actor_name":"Dilshodjon Haydarov","actor_username":"me.dilshodjon@gmail.com","actor_via_sso":false,"log_type":"token"}', '2025-09-25 12:59:03.284383+00', ''),
	('00000000-0000-0000-0000-000000000000', 'a45b2e83-4df0-46ce-83b5-5d34ef7df401', '{"action":"token_revoked","actor_id":"2bcf6e38-bc29-42d1-9449-c5ab71622eec","actor_name":"Dilshodjon Haydarov","actor_username":"me.dilshodjon@gmail.com","actor_via_sso":false,"log_type":"token"}', '2025-09-25 12:59:03.316006+00', ''),
	('00000000-0000-0000-0000-000000000000', 'b8fc7f59-3a47-4795-a01b-545001e128f0', '{"action":"token_refreshed","actor_id":"2bcf6e38-bc29-42d1-9449-c5ab71622eec","actor_name":"Dilshodjon Haydarov","actor_username":"me.dilshodjon@gmail.com","actor_via_sso":false,"log_type":"token"}', '2025-09-25 13:10:09.796602+00', ''),
	('00000000-0000-0000-0000-000000000000', '45b3e8a3-a0eb-4248-a0fb-6fd913f4113a', '{"action":"token_refreshed","actor_id":"2bcf6e38-bc29-42d1-9449-c5ab71622eec","actor_name":"Dilshodjon Haydarov","actor_username":"me.dilshodjon@gmail.com","actor_via_sso":false,"log_type":"token"}', '2025-09-25 14:10:33.858071+00', ''),
	('00000000-0000-0000-0000-000000000000', 'af9cb35f-a515-4940-8cfc-85a465641312', '{"action":"token_revoked","actor_id":"2bcf6e38-bc29-42d1-9449-c5ab71622eec","actor_name":"Dilshodjon Haydarov","actor_username":"me.dilshodjon@gmail.com","actor_via_sso":false,"log_type":"token"}', '2025-09-25 14:10:33.879064+00', ''),
	('00000000-0000-0000-0000-000000000000', '3d7fd9dc-3785-435e-aad0-6a1948f1302f', '{"action":"token_refreshed","actor_id":"2bcf6e38-bc29-42d1-9449-c5ab71622eec","actor_name":"Dilshodjon Haydarov","actor_username":"me.dilshodjon@gmail.com","actor_via_sso":false,"log_type":"token"}', '2025-09-25 15:09:15.404012+00', ''),
	('00000000-0000-0000-0000-000000000000', '41bebf7c-de02-4286-9810-5d2f100f5c6b', '{"action":"token_revoked","actor_id":"2bcf6e38-bc29-42d1-9449-c5ab71622eec","actor_name":"Dilshodjon Haydarov","actor_username":"me.dilshodjon@gmail.com","actor_via_sso":false,"log_type":"token"}', '2025-09-25 15:09:15.436967+00', ''),
	('00000000-0000-0000-0000-000000000000', 'f7a2991f-1da6-4c2c-ab27-3d4025c25e78', '{"action":"token_refreshed","actor_id":"2bcf6e38-bc29-42d1-9449-c5ab71622eec","actor_name":"Dilshodjon Haydarov","actor_username":"me.dilshodjon@gmail.com","actor_via_sso":false,"log_type":"token"}', '2025-09-25 16:07:57.772105+00', ''),
	('00000000-0000-0000-0000-000000000000', '42e13fce-29fc-480b-ae63-26e3847539ec', '{"action":"token_revoked","actor_id":"2bcf6e38-bc29-42d1-9449-c5ab71622eec","actor_name":"Dilshodjon Haydarov","actor_username":"me.dilshodjon@gmail.com","actor_via_sso":false,"log_type":"token"}', '2025-09-25 16:07:57.800499+00', ''),
	('00000000-0000-0000-0000-000000000000', 'eeb04dd5-1227-4367-9e92-182ea96c1667', '{"action":"token_refreshed","actor_id":"2bcf6e38-bc29-42d1-9449-c5ab71622eec","actor_name":"Dilshodjon Haydarov","actor_username":"me.dilshodjon@gmail.com","actor_via_sso":false,"log_type":"token"}', '2025-09-25 17:06:50.970202+00', ''),
	('00000000-0000-0000-0000-000000000000', '0287cb7b-cbe6-489c-a708-8152e6ae7b1a', '{"action":"token_revoked","actor_id":"2bcf6e38-bc29-42d1-9449-c5ab71622eec","actor_name":"Dilshodjon Haydarov","actor_username":"me.dilshodjon@gmail.com","actor_via_sso":false,"log_type":"token"}', '2025-09-25 17:06:50.995113+00', ''),
	('00000000-0000-0000-0000-000000000000', '07d36265-19f0-4991-92cf-99baa1ad0832', '{"action":"token_refreshed","actor_id":"2bcf6e38-bc29-42d1-9449-c5ab71622eec","actor_name":"Dilshodjon Haydarov","actor_username":"me.dilshodjon@gmail.com","actor_via_sso":false,"log_type":"token"}', '2025-09-25 18:11:45.573829+00', ''),
	('00000000-0000-0000-0000-000000000000', 'd807de98-af98-40e7-9d44-e06d6f98278c', '{"action":"token_revoked","actor_id":"2bcf6e38-bc29-42d1-9449-c5ab71622eec","actor_name":"Dilshodjon Haydarov","actor_username":"me.dilshodjon@gmail.com","actor_via_sso":false,"log_type":"token"}', '2025-09-25 18:11:45.608828+00', ''),
	('00000000-0000-0000-0000-000000000000', 'd18e4c8f-787a-48cc-97c1-016914dbc703', '{"action":"token_refreshed","actor_id":"2bcf6e38-bc29-42d1-9449-c5ab71622eec","actor_name":"Dilshodjon Haydarov","actor_username":"me.dilshodjon@gmail.com","actor_via_sso":false,"log_type":"token"}', '2025-09-25 19:10:17.109317+00', ''),
	('00000000-0000-0000-0000-000000000000', '2d774314-ab59-497c-bc3a-0779c8371d6f', '{"action":"token_revoked","actor_id":"2bcf6e38-bc29-42d1-9449-c5ab71622eec","actor_name":"Dilshodjon Haydarov","actor_username":"me.dilshodjon@gmail.com","actor_via_sso":false,"log_type":"token"}', '2025-09-25 19:10:17.13815+00', ''),
	('00000000-0000-0000-0000-000000000000', '323d5b91-65fa-4c4d-a5a4-2d6a6b4691b3', '{"action":"token_refreshed","actor_id":"2bcf6e38-bc29-42d1-9449-c5ab71622eec","actor_name":"Dilshodjon Haydarov","actor_username":"me.dilshodjon@gmail.com","actor_via_sso":false,"log_type":"token"}', '2025-09-25 20:12:56.975915+00', ''),
	('00000000-0000-0000-0000-000000000000', '4f3c58b3-84aa-445f-99ea-b9d41628fa18', '{"action":"token_revoked","actor_id":"2bcf6e38-bc29-42d1-9449-c5ab71622eec","actor_name":"Dilshodjon Haydarov","actor_username":"me.dilshodjon@gmail.com","actor_via_sso":false,"log_type":"token"}', '2025-09-25 20:12:57.005085+00', ''),
	('00000000-0000-0000-0000-000000000000', '518b2d21-a26f-4152-85d6-8a79b7933149', '{"action":"token_refreshed","actor_id":"2bcf6e38-bc29-42d1-9449-c5ab71622eec","actor_name":"Dilshodjon Haydarov","actor_username":"me.dilshodjon@gmail.com","actor_via_sso":false,"log_type":"token"}', '2025-09-25 21:15:01.913912+00', ''),
	('00000000-0000-0000-0000-000000000000', 'c06e7ddf-9b85-4f05-aec7-2b77d1915056', '{"action":"token_revoked","actor_id":"2bcf6e38-bc29-42d1-9449-c5ab71622eec","actor_name":"Dilshodjon Haydarov","actor_username":"me.dilshodjon@gmail.com","actor_via_sso":false,"log_type":"token"}', '2025-09-25 21:15:01.942835+00', ''),
	('00000000-0000-0000-0000-000000000000', '630f1a45-638f-4fb2-adc9-06a02bcb5667', '{"action":"token_refreshed","actor_id":"2bcf6e38-bc29-42d1-9449-c5ab71622eec","actor_name":"Dilshodjon Haydarov","actor_username":"me.dilshodjon@gmail.com","actor_via_sso":false,"log_type":"token"}', '2025-09-25 22:13:20.209626+00', ''),
	('00000000-0000-0000-0000-000000000000', '307037df-577c-44c9-867e-ea4b6a00b900', '{"action":"token_revoked","actor_id":"2bcf6e38-bc29-42d1-9449-c5ab71622eec","actor_name":"Dilshodjon Haydarov","actor_username":"me.dilshodjon@gmail.com","actor_via_sso":false,"log_type":"token"}', '2025-09-25 22:13:20.243872+00', ''),
	('00000000-0000-0000-0000-000000000000', 'a6c91a73-854e-463d-bb8e-abcc0a0f5f87', '{"action":"token_refreshed","actor_id":"2bcf6e38-bc29-42d1-9449-c5ab71622eec","actor_name":"Dilshodjon Haydarov","actor_username":"me.dilshodjon@gmail.com","actor_via_sso":false,"log_type":"token"}', '2025-09-25 23:11:33.495481+00', ''),
	('00000000-0000-0000-0000-000000000000', 'b1cdef32-1b60-4e01-b2da-cc1bb26c6d9c', '{"action":"token_revoked","actor_id":"2bcf6e38-bc29-42d1-9449-c5ab71622eec","actor_name":"Dilshodjon Haydarov","actor_username":"me.dilshodjon@gmail.com","actor_via_sso":false,"log_type":"token"}', '2025-09-25 23:11:33.527631+00', ''),
	('00000000-0000-0000-0000-000000000000', 'ec2dde3e-0e09-4ccb-b61f-39a4a8b31625', '{"action":"logout","actor_id":"2bcf6e38-bc29-42d1-9449-c5ab71622eec","actor_name":"Dilshodjon Haydarov","actor_username":"me.dilshodjon@gmail.com","actor_via_sso":false,"log_type":"account"}', '2025-09-25 23:46:07.926213+00', ''),
	('00000000-0000-0000-0000-000000000000', '902bdb11-266b-47e9-b43c-22fd1c79e08a', '{"action":"login","actor_id":"d15dfa13-dfc1-47ad-9202-e1b804a64042","actor_name":"Dilshodjon Haydarov","actor_username":"torex.amaki@gmail.com","actor_via_sso":false,"log_type":"account","traits":{"provider":"email"}}', '2025-09-25 23:46:26.215457+00', ''),
	('00000000-0000-0000-0000-000000000000', '21e060c3-f9a4-495e-9f38-29e346a8fc24', '{"action":"token_refreshed","actor_id":"d15dfa13-dfc1-47ad-9202-e1b804a64042","actor_name":"Dilshodjon Haydarov","actor_username":"torex.amaki@gmail.com","actor_via_sso":false,"log_type":"token"}', '2025-09-26 00:49:07.417936+00', ''),
	('00000000-0000-0000-0000-000000000000', 'f56186bc-ed6e-4322-ba75-4f1662984c36', '{"action":"token_revoked","actor_id":"d15dfa13-dfc1-47ad-9202-e1b804a64042","actor_name":"Dilshodjon Haydarov","actor_username":"torex.amaki@gmail.com","actor_via_sso":false,"log_type":"token"}', '2025-09-26 00:49:07.456301+00', ''),
	('00000000-0000-0000-0000-000000000000', '5fdb3642-5e82-41a7-bf1b-8e6c6bc83966', '{"action":"token_refreshed","actor_id":"d15dfa13-dfc1-47ad-9202-e1b804a64042","actor_name":"Dilshodjon Haydarov","actor_username":"torex.amaki@gmail.com","actor_via_sso":false,"log_type":"token"}', '2025-09-26 01:53:43.035609+00', ''),
	('00000000-0000-0000-0000-000000000000', '2abb6db4-9452-4a13-94e3-e545cf4de481', '{"action":"token_revoked","actor_id":"d15dfa13-dfc1-47ad-9202-e1b804a64042","actor_name":"Dilshodjon Haydarov","actor_username":"torex.amaki@gmail.com","actor_via_sso":false,"log_type":"token"}', '2025-09-26 01:53:43.059896+00', ''),
	('00000000-0000-0000-0000-000000000000', 'c7ee244e-1966-4614-b17c-6fa323c7c744', '{"action":"token_refreshed","actor_id":"d15dfa13-dfc1-47ad-9202-e1b804a64042","actor_name":"Dilshodjon Haydarov","actor_username":"torex.amaki@gmail.com","actor_via_sso":false,"log_type":"token"}', '2025-09-26 02:59:30.478395+00', ''),
	('00000000-0000-0000-0000-000000000000', 'dc7c2cd9-dff1-4e39-a78c-6377c4901150', '{"action":"token_revoked","actor_id":"d15dfa13-dfc1-47ad-9202-e1b804a64042","actor_name":"Dilshodjon Haydarov","actor_username":"torex.amaki@gmail.com","actor_via_sso":false,"log_type":"token"}', '2025-09-26 02:59:30.50556+00', ''),
	('00000000-0000-0000-0000-000000000000', '1c625237-79ad-42c5-98dc-d4338c3ac72d', '{"action":"token_refreshed","actor_id":"d15dfa13-dfc1-47ad-9202-e1b804a64042","actor_name":"Dilshodjon Haydarov","actor_username":"torex.amaki@gmail.com","actor_via_sso":false,"log_type":"token"}', '2025-09-26 04:00:27.283124+00', ''),
	('00000000-0000-0000-0000-000000000000', '1ee16af6-17a9-40fa-8d1f-5159dcdf61f9', '{"action":"token_revoked","actor_id":"d15dfa13-dfc1-47ad-9202-e1b804a64042","actor_name":"Dilshodjon Haydarov","actor_username":"torex.amaki@gmail.com","actor_via_sso":false,"log_type":"token"}', '2025-09-26 04:00:27.31358+00', ''),
	('00000000-0000-0000-0000-000000000000', '091f73bb-f521-4854-a863-37294ef0d9af', '{"action":"login","actor_id":"d15dfa13-dfc1-47ad-9202-e1b804a64042","actor_name":"Dilshodjon Haydarov","actor_username":"torex.amaki@gmail.com","actor_via_sso":false,"log_type":"account","traits":{"provider":"google"}}', '2025-09-26 04:43:31.338593+00', ''),
	('00000000-0000-0000-0000-000000000000', '3f9e594a-d3d9-4f8e-bb90-03d56ff4b4b7', '{"action":"logout","actor_id":"d15dfa13-dfc1-47ad-9202-e1b804a64042","actor_name":"Dilshodjon Haydarov","actor_username":"torex.amaki@gmail.com","actor_via_sso":false,"log_type":"account"}', '2025-09-26 04:48:23.876649+00', ''),
	('00000000-0000-0000-0000-000000000000', 'ed704c14-5b54-4afb-8ee4-0e3dfc015cf8', '{"action":"login","actor_id":"2bcf6e38-bc29-42d1-9449-c5ab71622eec","actor_name":"Dilshodjon Haydarov","actor_username":"me.dilshodjon@gmail.com","actor_via_sso":false,"log_type":"account","traits":{"provider":"email"}}', '2025-09-26 04:48:38.91141+00', ''),
	('00000000-0000-0000-0000-000000000000', 'ed0f55af-5d17-454f-9500-a8cc35121c98', '{"action":"logout","actor_id":"2bcf6e38-bc29-42d1-9449-c5ab71622eec","actor_name":"Dilshodjon Haydarov","actor_username":"me.dilshodjon@gmail.com","actor_via_sso":false,"log_type":"account"}', '2025-09-26 05:31:54.255968+00', ''),
	('00000000-0000-0000-0000-000000000000', '318add99-3651-450e-8e07-bc44c99611af', '{"action":"login","actor_id":"2bcf6e38-bc29-42d1-9449-c5ab71622eec","actor_name":"Dilshodjon Haydarov","actor_username":"me.dilshodjon@gmail.com","actor_via_sso":false,"log_type":"account","traits":{"provider":"email"}}', '2025-09-26 14:38:04.67449+00', ''),
	('00000000-0000-0000-0000-000000000000', 'f351e59a-f962-42e0-ba0b-0665904c153a', '{"action":"login","actor_id":"2bcf6e38-bc29-42d1-9449-c5ab71622eec","actor_name":"Dilshodjon Haydarov","actor_username":"me.dilshodjon@gmail.com","actor_via_sso":false,"log_type":"account","traits":{"provider":"email"}}', '2025-09-26 14:39:40.991169+00', ''),
	('00000000-0000-0000-0000-000000000000', '852c196d-05e9-49b2-a4a0-2793ae4c3a2a', '{"action":"logout","actor_id":"2bcf6e38-bc29-42d1-9449-c5ab71622eec","actor_name":"Dilshodjon Haydarov","actor_username":"me.dilshodjon@gmail.com","actor_via_sso":false,"log_type":"account"}', '2025-09-26 15:25:02.729382+00', ''),
	('00000000-0000-0000-0000-000000000000', 'de6655ef-5109-4e49-a2b0-ba5d69798b43', '{"action":"login","actor_id":"d15dfa13-dfc1-47ad-9202-e1b804a64042","actor_name":"Dilshodjon Haydarov","actor_username":"torex.amaki@gmail.com","actor_via_sso":false,"log_type":"account","traits":{"provider":"email"}}', '2025-09-26 15:25:18.204316+00', ''),
	('00000000-0000-0000-0000-000000000000', '38cb0f82-1e48-42a8-adb4-0bebeb287e19', '{"action":"token_refreshed","actor_id":"d15dfa13-dfc1-47ad-9202-e1b804a64042","actor_name":"Dilshodjon Haydarov","actor_username":"torex.amaki@gmail.com","actor_via_sso":false,"log_type":"token"}', '2025-09-26 16:30:58.740335+00', ''),
	('00000000-0000-0000-0000-000000000000', 'bfd83809-351f-4d8e-aebe-47ed3105e53f', '{"action":"token_revoked","actor_id":"d15dfa13-dfc1-47ad-9202-e1b804a64042","actor_name":"Dilshodjon Haydarov","actor_username":"torex.amaki@gmail.com","actor_via_sso":false,"log_type":"token"}', '2025-09-26 16:30:58.769868+00', ''),
	('00000000-0000-0000-0000-000000000000', '236e7972-36aa-42ba-98dd-68d817d0d467', '{"action":"token_refreshed","actor_id":"d15dfa13-dfc1-47ad-9202-e1b804a64042","actor_name":"Dilshodjon Haydarov","actor_username":"torex.amaki@gmail.com","actor_via_sso":false,"log_type":"token"}', '2025-09-26 18:16:47.830588+00', ''),
	('00000000-0000-0000-0000-000000000000', '9c245b32-bb7e-4a06-94f7-ae6d5b7d04cb', '{"action":"token_revoked","actor_id":"d15dfa13-dfc1-47ad-9202-e1b804a64042","actor_name":"Dilshodjon Haydarov","actor_username":"torex.amaki@gmail.com","actor_via_sso":false,"log_type":"token"}', '2025-09-26 18:16:47.857882+00', ''),
	('00000000-0000-0000-0000-000000000000', '41fe541b-2426-48e4-867e-d70d639bab35', '{"action":"token_refreshed","actor_id":"d15dfa13-dfc1-47ad-9202-e1b804a64042","actor_name":"Dilshodjon Haydarov","actor_username":"torex.amaki@gmail.com","actor_via_sso":false,"log_type":"token"}', '2025-09-26 19:21:28.168197+00', ''),
	('00000000-0000-0000-0000-000000000000', 'b45000e0-8845-4d9c-b503-4dfd4089abda', '{"action":"token_revoked","actor_id":"d15dfa13-dfc1-47ad-9202-e1b804a64042","actor_name":"Dilshodjon Haydarov","actor_username":"torex.amaki@gmail.com","actor_via_sso":false,"log_type":"token"}', '2025-09-26 19:21:28.18987+00', ''),
	('00000000-0000-0000-0000-000000000000', 'ef166742-6ac8-44b0-88e1-88ad1b8350bc', '{"action":"token_refreshed","actor_id":"d15dfa13-dfc1-47ad-9202-e1b804a64042","actor_name":"Dilshodjon Haydarov","actor_username":"torex.amaki@gmail.com","actor_via_sso":false,"log_type":"token"}', '2025-09-26 20:30:52.495482+00', ''),
	('00000000-0000-0000-0000-000000000000', '92942a78-3153-40f8-98b4-cf18a00722da', '{"action":"token_revoked","actor_id":"d15dfa13-dfc1-47ad-9202-e1b804a64042","actor_name":"Dilshodjon Haydarov","actor_username":"torex.amaki@gmail.com","actor_via_sso":false,"log_type":"token"}', '2025-09-26 20:30:52.522449+00', ''),
	('00000000-0000-0000-0000-000000000000', 'deb2e5b1-1e0d-4185-9e25-1467ba4b2814', '{"action":"token_refreshed","actor_id":"d15dfa13-dfc1-47ad-9202-e1b804a64042","actor_name":"Dilshodjon Haydarov","actor_username":"torex.amaki@gmail.com","actor_via_sso":false,"log_type":"token"}', '2025-09-26 21:31:47.980263+00', ''),
	('00000000-0000-0000-0000-000000000000', '002aa078-6093-4683-9db7-09e32eb8be58', '{"action":"token_revoked","actor_id":"d15dfa13-dfc1-47ad-9202-e1b804a64042","actor_name":"Dilshodjon Haydarov","actor_username":"torex.amaki@gmail.com","actor_via_sso":false,"log_type":"token"}', '2025-09-26 21:31:48.006503+00', ''),
	('00000000-0000-0000-0000-000000000000', '3d67334e-b9d3-4d3c-b0a3-8dd9db0bcfc2', '{"action":"token_refreshed","actor_id":"d15dfa13-dfc1-47ad-9202-e1b804a64042","actor_name":"Dilshodjon Haydarov","actor_username":"torex.amaki@gmail.com","actor_via_sso":false,"log_type":"token"}', '2025-09-26 22:33:21.817667+00', ''),
	('00000000-0000-0000-0000-000000000000', 'b8f60941-b273-4c23-a28b-4ec609db2baf', '{"action":"token_revoked","actor_id":"d15dfa13-dfc1-47ad-9202-e1b804a64042","actor_name":"Dilshodjon Haydarov","actor_username":"torex.amaki@gmail.com","actor_via_sso":false,"log_type":"token"}', '2025-09-26 22:33:21.844183+00', ''),
	('00000000-0000-0000-0000-000000000000', '6240d700-86a7-4e25-8bc3-7393ed023b3d', '{"action":"token_refreshed","actor_id":"d15dfa13-dfc1-47ad-9202-e1b804a64042","actor_name":"Dilshodjon Haydarov","actor_username":"torex.amaki@gmail.com","actor_via_sso":false,"log_type":"token"}', '2025-09-26 23:34:00.618969+00', ''),
	('00000000-0000-0000-0000-000000000000', 'f109452a-369c-41c5-97c1-b15d0be4455c', '{"action":"token_revoked","actor_id":"d15dfa13-dfc1-47ad-9202-e1b804a64042","actor_name":"Dilshodjon Haydarov","actor_username":"torex.amaki@gmail.com","actor_via_sso":false,"log_type":"token"}', '2025-09-26 23:34:00.649878+00', ''),
	('00000000-0000-0000-0000-000000000000', 'f49fe4e6-08fc-4e54-b575-f7060f630ec1', '{"action":"token_refreshed","actor_id":"d15dfa13-dfc1-47ad-9202-e1b804a64042","actor_name":"Dilshodjon Haydarov","actor_username":"torex.amaki@gmail.com","actor_via_sso":false,"log_type":"token"}', '2025-09-27 00:35:06.27637+00', ''),
	('00000000-0000-0000-0000-000000000000', '5371b4e9-b338-42e8-a1ab-1f770427113b', '{"action":"token_revoked","actor_id":"d15dfa13-dfc1-47ad-9202-e1b804a64042","actor_name":"Dilshodjon Haydarov","actor_username":"torex.amaki@gmail.com","actor_via_sso":false,"log_type":"token"}', '2025-09-27 00:35:06.310787+00', ''),
	('00000000-0000-0000-0000-000000000000', 'c18f3b53-87f0-4cdf-ad88-1a2f5766fe49', '{"action":"token_refreshed","actor_id":"d15dfa13-dfc1-47ad-9202-e1b804a64042","actor_name":"Dilshodjon Haydarov","actor_username":"torex.amaki@gmail.com","actor_via_sso":false,"log_type":"token"}', '2025-09-27 01:52:00.650554+00', ''),
	('00000000-0000-0000-0000-000000000000', 'f311271b-26a2-4bb1-989d-eed8f00530d5', '{"action":"token_revoked","actor_id":"d15dfa13-dfc1-47ad-9202-e1b804a64042","actor_name":"Dilshodjon Haydarov","actor_username":"torex.amaki@gmail.com","actor_via_sso":false,"log_type":"token"}', '2025-09-27 01:52:00.681286+00', ''),
	('00000000-0000-0000-0000-000000000000', '0b0a3d4d-51a6-4641-b40a-9b4f14593f66', '{"action":"logout","actor_id":"d15dfa13-dfc1-47ad-9202-e1b804a64042","actor_name":"Dilshodjon Haydarov","actor_username":"torex.amaki@gmail.com","actor_via_sso":false,"log_type":"account"}', '2025-09-27 02:25:45.446996+00', ''),
	('00000000-0000-0000-0000-000000000000', '64f458ed-3ada-4a05-afb2-a084178dc3df', '{"action":"login","actor_id":"d15dfa13-dfc1-47ad-9202-e1b804a64042","actor_name":"Dilshodjon Haydarov","actor_username":"torex.amaki@gmail.com","actor_via_sso":false,"log_type":"account","traits":{"provider":"email"}}', '2025-09-27 05:47:18.448661+00', ''),
	('00000000-0000-0000-0000-000000000000', '68dbe0e3-691a-452b-8b20-790b5e0acd11', '{"action":"login","actor_id":"d15dfa13-dfc1-47ad-9202-e1b804a64042","actor_name":"Dilshodjon Haydarov","actor_username":"torex.amaki@gmail.com","actor_via_sso":false,"log_type":"account","traits":{"provider":"email"}}', '2025-09-27 05:47:54.848621+00', ''),
	('00000000-0000-0000-0000-000000000000', '4860091a-b463-4890-a14f-47c7384d4aa8', '{"action":"login","actor_id":"d15dfa13-dfc1-47ad-9202-e1b804a64042","actor_name":"Dilshodjon Haydarov","actor_username":"torex.amaki@gmail.com","actor_via_sso":false,"log_type":"account","traits":{"provider":"email"}}', '2025-09-27 05:49:18.965926+00', ''),
	('00000000-0000-0000-0000-000000000000', '9586e33a-3f4f-41b0-bdcd-2a425a81c330', '{"action":"login","actor_id":"d15dfa13-dfc1-47ad-9202-e1b804a64042","actor_name":"Dilshodjon Haydarov","actor_username":"torex.amaki@gmail.com","actor_via_sso":false,"log_type":"account","traits":{"provider":"email"}}', '2025-09-27 05:49:36.823117+00', ''),
	('00000000-0000-0000-0000-000000000000', '1397b384-3726-4d9b-877b-943a46b4b9a0', '{"action":"login","actor_id":"2bcf6e38-bc29-42d1-9449-c5ab71622eec","actor_name":"Dilshodjon Haydarov","actor_username":"me.dilshodjon@gmail.com","actor_via_sso":false,"log_type":"account","traits":{"provider":"email"}}', '2025-09-27 10:22:32.099201+00', ''),
	('00000000-0000-0000-0000-000000000000', 'e804702b-7740-4ba8-afbf-6b8efbf1ce96', '{"action":"token_refreshed","actor_id":"d15dfa13-dfc1-47ad-9202-e1b804a64042","actor_name":"Dilshodjon Haydarov","actor_username":"torex.amaki@gmail.com","actor_via_sso":false,"log_type":"token"}', '2025-09-27 11:04:15.283278+00', ''),
	('00000000-0000-0000-0000-000000000000', '9740190f-f7f8-4932-8628-2d5105602ece', '{"action":"token_revoked","actor_id":"d15dfa13-dfc1-47ad-9202-e1b804a64042","actor_name":"Dilshodjon Haydarov","actor_username":"torex.amaki@gmail.com","actor_via_sso":false,"log_type":"token"}', '2025-09-27 11:04:15.313376+00', ''),
	('00000000-0000-0000-0000-000000000000', '65d72643-ad5a-4d46-80fc-50b290b976c0', '{"action":"token_refreshed","actor_id":"2bcf6e38-bc29-42d1-9449-c5ab71622eec","actor_name":"Dilshodjon Haydarov","actor_username":"me.dilshodjon@gmail.com","actor_via_sso":false,"log_type":"token"}', '2025-09-27 11:21:02.442611+00', ''),
	('00000000-0000-0000-0000-000000000000', 'd30ea8d6-4dc6-40cb-93dc-35845e882f72', '{"action":"token_revoked","actor_id":"2bcf6e38-bc29-42d1-9449-c5ab71622eec","actor_name":"Dilshodjon Haydarov","actor_username":"me.dilshodjon@gmail.com","actor_via_sso":false,"log_type":"token"}', '2025-09-27 11:21:02.472565+00', ''),
	('00000000-0000-0000-0000-000000000000', 'c36a2772-caf5-4e1a-aed6-88f9d6c812a4', '{"action":"token_refreshed","actor_id":"d15dfa13-dfc1-47ad-9202-e1b804a64042","actor_name":"Dilshodjon Haydarov","actor_username":"torex.amaki@gmail.com","actor_via_sso":false,"log_type":"token"}', '2025-09-27 12:02:46.189706+00', ''),
	('00000000-0000-0000-0000-000000000000', '47d659c7-7f0f-4aff-903c-b9b108b1ae93', '{"action":"token_revoked","actor_id":"d15dfa13-dfc1-47ad-9202-e1b804a64042","actor_name":"Dilshodjon Haydarov","actor_username":"torex.amaki@gmail.com","actor_via_sso":false,"log_type":"token"}', '2025-09-27 12:02:46.223101+00', ''),
	('00000000-0000-0000-0000-000000000000', '68ed720e-2d02-4424-8f0f-e852cb5c36e2', '{"action":"token_refreshed","actor_id":"2bcf6e38-bc29-42d1-9449-c5ab71622eec","actor_name":"Dilshodjon Haydarov","actor_username":"me.dilshodjon@gmail.com","actor_via_sso":false,"log_type":"token"}', '2025-09-27 12:19:12.26456+00', ''),
	('00000000-0000-0000-0000-000000000000', '34babecb-fc7d-48a2-bc8e-0a86d0c0a8bf', '{"action":"token_revoked","actor_id":"2bcf6e38-bc29-42d1-9449-c5ab71622eec","actor_name":"Dilshodjon Haydarov","actor_username":"me.dilshodjon@gmail.com","actor_via_sso":false,"log_type":"token"}', '2025-09-27 12:19:12.295847+00', ''),
	('00000000-0000-0000-0000-000000000000', '66dfe493-2125-4063-801a-7b4951e41670', '{"action":"logout","actor_id":"2bcf6e38-bc29-42d1-9449-c5ab71622eec","actor_name":"Dilshodjon Haydarov","actor_username":"me.dilshodjon@gmail.com","actor_via_sso":false,"log_type":"account"}', '2025-09-27 12:35:05.256085+00', ''),
	('00000000-0000-0000-0000-000000000000', '38441149-a18c-421b-8fc0-5bbf52171a3e', '{"action":"login","actor_id":"d15dfa13-dfc1-47ad-9202-e1b804a64042","actor_name":"Dilshodjon Haydarov","actor_username":"torex.amaki@gmail.com","actor_via_sso":false,"log_type":"account","traits":{"provider":"email"}}', '2025-09-27 12:35:20.343974+00', ''),
	('00000000-0000-0000-0000-000000000000', '87909370-643f-4427-a613-a4a07b4fec3a', '{"action":"token_refreshed","actor_id":"d15dfa13-dfc1-47ad-9202-e1b804a64042","actor_name":"Dilshodjon Haydarov","actor_username":"torex.amaki@gmail.com","actor_via_sso":false,"log_type":"token"}', '2025-09-27 13:01:33.483863+00', ''),
	('00000000-0000-0000-0000-000000000000', '6ea9fbf6-018e-41bc-b7ef-fcc8200c80e7', '{"action":"token_revoked","actor_id":"d15dfa13-dfc1-47ad-9202-e1b804a64042","actor_name":"Dilshodjon Haydarov","actor_username":"torex.amaki@gmail.com","actor_via_sso":false,"log_type":"token"}', '2025-09-27 13:01:33.519672+00', ''),
	('00000000-0000-0000-0000-000000000000', '397c6c84-6636-47b6-9976-ea87525b1af7', '{"action":"logout","actor_id":"d15dfa13-dfc1-47ad-9202-e1b804a64042","actor_name":"Dilshodjon Haydarov","actor_username":"torex.amaki@gmail.com","actor_via_sso":false,"log_type":"account"}', '2025-09-27 13:01:59.113055+00', ''),
	('00000000-0000-0000-0000-000000000000', 'e33144b0-a73b-43e0-ae22-b33d58970dec', '{"action":"login","actor_id":"d15dfa13-dfc1-47ad-9202-e1b804a64042","actor_name":"Dilshodjon Haydarov","actor_username":"torex.amaki@gmail.com","actor_via_sso":false,"log_type":"account","traits":{"provider":"email"}}', '2025-09-27 13:23:09.604098+00', ''),
	('00000000-0000-0000-0000-000000000000', '8d2bc569-1a16-4aa5-b17b-62e7f95952d2', '{"action":"token_refreshed","actor_id":"d15dfa13-dfc1-47ad-9202-e1b804a64042","actor_name":"Dilshodjon Haydarov","actor_username":"torex.amaki@gmail.com","actor_via_sso":false,"log_type":"token"}', '2025-09-27 14:22:24.317131+00', ''),
	('00000000-0000-0000-0000-000000000000', '8d25edd1-eda4-4cba-b21a-7be8896623b5', '{"action":"token_revoked","actor_id":"d15dfa13-dfc1-47ad-9202-e1b804a64042","actor_name":"Dilshodjon Haydarov","actor_username":"torex.amaki@gmail.com","actor_via_sso":false,"log_type":"token"}', '2025-09-27 14:22:25.50523+00', ''),
	('00000000-0000-0000-0000-000000000000', 'df6c36d7-fc87-43c0-b200-06a4665b2c8c', '{"action":"login","actor_id":"d15dfa13-dfc1-47ad-9202-e1b804a64042","actor_name":"Dilshodjon Haydarov","actor_username":"torex.amaki@gmail.com","actor_via_sso":false,"log_type":"account","traits":{"provider":"email"}}', '2025-09-28 04:11:38.729618+00', ''),
	('00000000-0000-0000-0000-000000000000', '91e5087f-f3a3-435f-a221-0a15e0dfc55e', '{"action":"token_refreshed","actor_id":"d15dfa13-dfc1-47ad-9202-e1b804a64042","actor_name":"Dilshodjon Haydarov","actor_username":"torex.amaki@gmail.com","actor_via_sso":false,"log_type":"token"}', '2025-09-28 05:10:08.598184+00', ''),
	('00000000-0000-0000-0000-000000000000', '7be57de8-7b5e-4fa3-b9c9-a3b3710e173a', '{"action":"token_revoked","actor_id":"d15dfa13-dfc1-47ad-9202-e1b804a64042","actor_name":"Dilshodjon Haydarov","actor_username":"torex.amaki@gmail.com","actor_via_sso":false,"log_type":"token"}', '2025-09-28 05:10:08.639808+00', ''),
	('00000000-0000-0000-0000-000000000000', '3e54fcde-378b-46d0-801f-278e8a7ae56f', '{"action":"token_refreshed","actor_id":"d15dfa13-dfc1-47ad-9202-e1b804a64042","actor_name":"Dilshodjon Haydarov","actor_username":"torex.amaki@gmail.com","actor_via_sso":false,"log_type":"token"}', '2025-09-28 06:08:14.896922+00', ''),
	('00000000-0000-0000-0000-000000000000', '6e8ef4a1-cd40-4d72-95d6-20efb8e1eaab', '{"action":"token_revoked","actor_id":"d15dfa13-dfc1-47ad-9202-e1b804a64042","actor_name":"Dilshodjon Haydarov","actor_username":"torex.amaki@gmail.com","actor_via_sso":false,"log_type":"token"}', '2025-09-28 06:08:14.95819+00', ''),
	('00000000-0000-0000-0000-000000000000', '13c7b951-1f98-49ae-83ea-642992ce2e1a', '{"action":"token_refreshed","actor_id":"d15dfa13-dfc1-47ad-9202-e1b804a64042","actor_name":"Dilshodjon Haydarov","actor_username":"torex.amaki@gmail.com","actor_via_sso":false,"log_type":"token"}', '2025-09-28 07:06:28.609035+00', ''),
	('00000000-0000-0000-0000-000000000000', '8bedc06d-dafe-485e-a566-07b1b3521f13', '{"action":"token_revoked","actor_id":"d15dfa13-dfc1-47ad-9202-e1b804a64042","actor_name":"Dilshodjon Haydarov","actor_username":"torex.amaki@gmail.com","actor_via_sso":false,"log_type":"token"}', '2025-09-28 07:06:28.637157+00', ''),
	('00000000-0000-0000-0000-000000000000', '23139216-0480-460f-9edf-1b1105e81b83', '{"action":"token_refreshed","actor_id":"d15dfa13-dfc1-47ad-9202-e1b804a64042","actor_name":"Dilshodjon Haydarov","actor_username":"torex.amaki@gmail.com","actor_via_sso":false,"log_type":"token"}', '2025-09-28 08:04:57.27453+00', ''),
	('00000000-0000-0000-0000-000000000000', '4f78bfeb-0bd9-4928-9a95-00281f2ad5de', '{"action":"token_revoked","actor_id":"d15dfa13-dfc1-47ad-9202-e1b804a64042","actor_name":"Dilshodjon Haydarov","actor_username":"torex.amaki@gmail.com","actor_via_sso":false,"log_type":"token"}', '2025-09-28 08:04:57.305179+00', ''),
	('00000000-0000-0000-0000-000000000000', '799bb4d2-756a-4543-a7ad-04d1eb065047', '{"action":"token_refreshed","actor_id":"d15dfa13-dfc1-47ad-9202-e1b804a64042","actor_name":"Dilshodjon Haydarov","actor_username":"torex.amaki@gmail.com","actor_via_sso":false,"log_type":"token"}', '2025-09-28 09:03:21.839345+00', ''),
	('00000000-0000-0000-0000-000000000000', 'a8e402fd-3570-4ae9-aaf0-7eba632956f4', '{"action":"token_revoked","actor_id":"d15dfa13-dfc1-47ad-9202-e1b804a64042","actor_name":"Dilshodjon Haydarov","actor_username":"torex.amaki@gmail.com","actor_via_sso":false,"log_type":"token"}', '2025-09-28 09:03:21.87124+00', ''),
	('00000000-0000-0000-0000-000000000000', '462d79cb-5538-4102-8604-962991583e55', '{"action":"token_refreshed","actor_id":"d15dfa13-dfc1-47ad-9202-e1b804a64042","actor_name":"Dilshodjon Haydarov","actor_username":"torex.amaki@gmail.com","actor_via_sso":false,"log_type":"token"}', '2025-09-28 10:01:31.998338+00', ''),
	('00000000-0000-0000-0000-000000000000', 'dcd34ea8-3ec2-42f9-96c9-1d19a6209d50', '{"action":"token_revoked","actor_id":"d15dfa13-dfc1-47ad-9202-e1b804a64042","actor_name":"Dilshodjon Haydarov","actor_username":"torex.amaki@gmail.com","actor_via_sso":false,"log_type":"token"}', '2025-09-28 10:01:32.02439+00', ''),
	('00000000-0000-0000-0000-000000000000', '1d425fb9-8ef0-429c-bcde-79a400fc2be2', '{"action":"token_refreshed","actor_id":"d15dfa13-dfc1-47ad-9202-e1b804a64042","actor_name":"Dilshodjon Haydarov","actor_username":"torex.amaki@gmail.com","actor_via_sso":false,"log_type":"token"}', '2025-09-28 10:59:39.800065+00', ''),
	('00000000-0000-0000-0000-000000000000', '534d2183-6f4d-4ddd-bf65-0866175c49b5', '{"action":"token_revoked","actor_id":"d15dfa13-dfc1-47ad-9202-e1b804a64042","actor_name":"Dilshodjon Haydarov","actor_username":"torex.amaki@gmail.com","actor_via_sso":false,"log_type":"token"}', '2025-09-28 10:59:39.819676+00', ''),
	('00000000-0000-0000-0000-000000000000', '76ad508f-9b83-4a6b-9fc4-2db4ba68da8a', '{"action":"logout","actor_id":"d15dfa13-dfc1-47ad-9202-e1b804a64042","actor_name":"Dilshodjon Haydarov","actor_username":"torex.amaki@gmail.com","actor_via_sso":false,"log_type":"account"}', '2025-09-28 11:52:14.641206+00', ''),
	('00000000-0000-0000-0000-000000000000', '1d6fd88a-1aa4-41b5-a806-0d3754ce2d51', '{"action":"login","actor_id":"2bcf6e38-bc29-42d1-9449-c5ab71622eec","actor_name":"Dilshodjon Haydarov","actor_username":"me.dilshodjon@gmail.com","actor_via_sso":false,"log_type":"account","traits":{"provider":"google"}}', '2025-09-28 18:48:59.927702+00', ''),
	('00000000-0000-0000-0000-000000000000', '472b96f2-25c8-4934-912a-1b2e5755d68f', '{"action":"login","actor_id":"2bcf6e38-bc29-42d1-9449-c5ab71622eec","actor_name":"Dilshodjon Haydarov","actor_username":"me.dilshodjon@gmail.com","actor_via_sso":false,"log_type":"account","traits":{"provider":"google"}}', '2025-09-28 18:52:48.926797+00', ''),
	('00000000-0000-0000-0000-000000000000', 'dc0b5268-b816-4753-8e18-03194052a62e', '{"action":"user_confirmation_requested","actor_id":"fb229990-d3d2-494e-834e-ec1d4c81fe31","actor_name":" ","actor_username":"nargiza.normuradova@ent-en.com","actor_via_sso":false,"log_type":"user","traits":{"provider":"email"}}', '2025-09-29 09:01:15.346806+00', ''),
	('00000000-0000-0000-0000-000000000000', '90a776dc-ab05-4598-b8c8-b1a09d55a618', '{"action":"user_confirmation_requested","actor_id":"fb229990-d3d2-494e-834e-ec1d4c81fe31","actor_name":" ","actor_username":"nargiza.normuradova@ent-en.com","actor_via_sso":false,"log_type":"user"}', '2025-09-29 09:03:41.677649+00', ''),
	('00000000-0000-0000-0000-000000000000', '3a8bd8c0-7c5f-4b48-b4da-2c6c0ee83f5d', '{"action":"user_confirmation_requested","actor_id":"fb229990-d3d2-494e-834e-ec1d4c81fe31","actor_name":" ","actor_username":"nargiza.normuradova@ent-en.com","actor_via_sso":false,"log_type":"user","traits":{"provider":"email"}}', '2025-09-29 09:06:57.160582+00', ''),
	('00000000-0000-0000-0000-000000000000', '46ec8916-d8ba-48f3-bb9c-cea364d91c4f', '{"action":"user_confirmation_requested","actor_id":"fb229990-d3d2-494e-834e-ec1d4c81fe31","actor_name":" ","actor_username":"nargiza.normuradova@ent-en.com","actor_via_sso":false,"log_type":"user","traits":{"provider":"email"}}', '2025-09-29 09:14:31.606997+00', '');


--
-- Data for Name: flow_state; Type: TABLE DATA; Schema: auth; Owner: supabase_auth_admin
--



--
-- Data for Name: users; Type: TABLE DATA; Schema: auth; Owner: supabase_auth_admin
--

INSERT INTO "auth"."users" ("instance_id", "id", "aud", "role", "email", "encrypted_password", "email_confirmed_at", "invited_at", "confirmation_token", "confirmation_sent_at", "recovery_token", "recovery_sent_at", "email_change_token_new", "email_change", "email_change_sent_at", "last_sign_in_at", "raw_app_meta_data", "raw_user_meta_data", "is_super_admin", "created_at", "updated_at", "phone", "phone_confirmed_at", "phone_change", "phone_change_token", "phone_change_sent_at", "email_change_token_current", "email_change_confirm_status", "banned_until", "reauthentication_token", "reauthentication_sent_at", "is_sso_user", "deleted_at", "is_anonymous") VALUES
	('00000000-0000-0000-0000-000000000000', '33f0b50e-2c1e-4acc-999c-2dc89ff20838', 'authenticated', 'authenticated', 'hicom4422@gmail.com', '$2a$10$x3AF9jY1z.2uR55ao.m9kuXELH7ksYcTVwghXFbhEPtThGqM3wBvC', '2025-09-19 12:29:03.207839+00', NULL, '', '2025-09-19 12:28:22.618985+00', '', NULL, '', '', NULL, '2025-09-19 12:29:05.967257+00', '{"provider": "email", "providers": ["email"]}', '{"sub": "33f0b50e-2c1e-4acc-999c-2dc89ff20838", "role": "patient", "email": "hicom4422@gmail.com", "phone": "+99891", "full_name": "A", "email_verified": true, "phone_verified": false}', NULL, '2025-09-19 12:28:22.498386+00', '2025-09-19 12:29:05.969671+00', NULL, NULL, '', '', NULL, '', 0, NULL, '', NULL, false, NULL, false),
	('00000000-0000-0000-0000-000000000000', '7db1de34-b320-464a-9444-2d6b1a782e83', 'authenticated', 'authenticated', 'yanulka9090@mail.ru', '$2a$10$AyGOfAqEhJ9mdhKt7lxu6efoeCWYRw0yMpljRRp/pZ72XZCfEd18S', NULL, NULL, '3438ac954e3d639b831fd9c66a46e0647ded60d0dbdd92ab0301be67', '2025-09-22 14:07:53.008087+00', '', NULL, '', '', NULL, NULL, '{"provider": "email", "providers": ["email"]}', '{"sub": "7db1de34-b320-464a-9444-2d6b1a782e83", "role": "patient", "email": "yanulka9090@mail.ru", "phone": "+998948821022", "full_name": " ", "email_verified": false, "phone_verified": false}', NULL, '2025-09-22 14:07:52.924557+00', '2025-09-22 14:07:54.072533+00', NULL, NULL, '', '', NULL, '', 0, NULL, '', NULL, false, NULL, false),
	('00000000-0000-0000-0000-000000000000', 'd15dfa13-dfc1-47ad-9202-e1b804a64042', 'authenticated', 'authenticated', 'torex.amaki@gmail.com', '$2a$10$9xycFQ399iRTeo2VGKsj2O/cZxLC9N8vwnP.zEIPTMwcIRSUcWaqC', '2025-09-17 09:32:38.042323+00', NULL, '', '2025-09-17 08:50:26.612151+00', '', NULL, '', '', NULL, '2025-09-28 04:11:38.761034+00', '{"provider": "email", "providers": ["email", "google"]}', '{"iss": "https://accounts.google.com", "sub": "118076799372275698121", "name": "Dilshodjon Haydarov", "role": "patient", "email": "torex.amaki@gmail.com", "phone": "+998995340313", "picture": "https://lh3.googleusercontent.com/a/ACg8ocLVOR3i43MlNsq9d0vI2J5tg0xZ1CkBQnKHNDWaP_tDYz-Rvpg=s96-c", "full_name": "Dilshodjon Haydarov", "avatar_url": "https://lh3.googleusercontent.com/a/ACg8ocLVOR3i43MlNsq9d0vI2J5tg0xZ1CkBQnKHNDWaP_tDYz-Rvpg=s96-c", "provider_id": "118076799372275698121", "email_verified": true, "phone_verified": false}', NULL, '2025-09-17 08:50:26.586805+00', '2025-09-28 10:59:39.853031+00', NULL, NULL, '', '', NULL, '', 0, NULL, '', NULL, false, NULL, false),
	('00000000-0000-0000-0000-000000000000', 'fb229990-d3d2-494e-834e-ec1d4c81fe31', 'authenticated', 'authenticated', 'nargiza.normuradova@ent-en.com', '$2a$10$6e34LrfcRb5L86zD6LXAB.RYvz5YBd7ZbTKVwcmUddUgGVw9BQ//m', NULL, NULL, '77172c1497adeb64a7a4c4c39f44994b8d63c556a4d5b4bedc60add6', '2025-09-29 09:14:31.639845+00', '', NULL, '', '', NULL, NULL, '{"provider": "email", "providers": ["email"]}', '{"sub": "fb229990-d3d2-494e-834e-ec1d4c81fe31", "role": "patient", "email": "nargiza.normuradova@ent-en.com", "phone": "+998994447775", "full_name": " ", "email_verified": false, "phone_verified": false}', NULL, '2025-09-29 09:01:15.217743+00', '2025-09-29 09:14:32.752023+00', NULL, NULL, '', '', NULL, '', 0, NULL, '', NULL, false, NULL, false),
	('00000000-0000-0000-0000-000000000000', '2bcf6e38-bc29-42d1-9449-c5ab71622eec', 'authenticated', 'authenticated', 'me.dilshodjon@gmail.com', '$2a$10$yv.tjcVVUUkdc5Dpek5x2.7N4gXwaGPUoMnYsIpuXksl.meGQrnbC', '2025-09-25 04:09:06.40619+00', NULL, '', '2025-09-25 04:08:37.857968+00', '', NULL, '', '', NULL, '2025-09-28 18:52:48.932847+00', '{"provider": "google", "providers": ["google", "email"]}', '{"iss": "https://accounts.google.com", "sub": "114284149461019257890", "name": "Dilshodjon Haydarov", "role": "doctor", "email": "me.dilshodjon@gmail.com", "phone": "+998995340313", "picture": "https://lh3.googleusercontent.com/a/ACg8ocKij9LA_-AfR7b44sw-SS3_XEPf3_1XxVKey2w__nXWmMqjLQ=s96-c", "full_name": "Dilshodjon Haydarov", "avatar_url": "https://lh3.googleusercontent.com/a/ACg8ocKij9LA_-AfR7b44sw-SS3_XEPf3_1XxVKey2w__nXWmMqjLQ=s96-c", "provider_id": "114284149461019257890", "email_verified": true, "phone_verified": false}', NULL, '2025-09-25 04:08:37.83065+00', '2025-09-28 18:52:48.968871+00', NULL, NULL, '', '', NULL, '', 0, NULL, '', NULL, false, NULL, false),
	('00000000-0000-0000-0000-000000000000', '0e18f09b-e1e8-491c-929c-aed7d1600190', 'authenticated', 'authenticated', 'odil0qosimov@gmail.com', NULL, '2025-09-22 14:33:29.004675+00', NULL, '', '2025-09-22 14:31:28.060671+00', '', NULL, '', '', NULL, '2025-09-22 14:33:29.008437+00', '{"provider": "google", "providers": ["google"]}', '{"iss": "https://accounts.google.com", "sub": "102346517495489997621", "name": "Odil Qosimov", "email": "odil0qosimov@gmail.com", "picture": "https://lh3.googleusercontent.com/a/ACg8ocIftCc5S6M24cw4oiowXEo60oqUoYBZRvZNLfgU62LClIJ8bw=s96-c", "full_name": "Odil Qosimov", "avatar_url": "https://lh3.googleusercontent.com/a/ACg8ocIftCc5S6M24cw4oiowXEo60oqUoYBZRvZNLfgU62LClIJ8bw=s96-c", "provider_id": "102346517495489997621", "email_verified": true, "phone_verified": false}', NULL, '2025-09-22 14:31:27.969886+00', '2025-09-22 14:33:29.048362+00', NULL, NULL, '', '', NULL, '', 0, NULL, '', NULL, false, NULL, false);


--
-- Data for Name: identities; Type: TABLE DATA; Schema: auth; Owner: supabase_auth_admin
--

INSERT INTO "auth"."identities" ("provider_id", "user_id", "identity_data", "provider", "last_sign_in_at", "created_at", "updated_at", "id") VALUES
	('d15dfa13-dfc1-47ad-9202-e1b804a64042', 'd15dfa13-dfc1-47ad-9202-e1b804a64042', '{"sub": "d15dfa13-dfc1-47ad-9202-e1b804a64042", "role": "patient", "email": "torex.amaki@gmail.com", "phone": "+998995340313", "full_name": "Dilshodjon Haydarov", "email_verified": true, "phone_verified": false}', 'email', '2025-09-17 08:50:26.60427+00', '2025-09-17 08:50:26.604322+00', '2025-09-17 08:50:26.604322+00', 'dced3f3c-48b7-4b26-a12b-ab734e479815'),
	('7db1de34-b320-464a-9444-2d6b1a782e83', '7db1de34-b320-464a-9444-2d6b1a782e83', '{"sub": "7db1de34-b320-464a-9444-2d6b1a782e83", "role": "patient", "email": "yanulka9090@mail.ru", "phone": "+998948821022", "full_name": " ", "email_verified": false, "phone_verified": false}', 'email', '2025-09-22 14:07:52.983317+00', '2025-09-22 14:07:52.983893+00', '2025-09-22 14:07:52.983893+00', '6f4103e0-57b9-464b-b438-b968a30692b8'),
	('102346517495489997621', '0e18f09b-e1e8-491c-929c-aed7d1600190', '{"iss": "https://accounts.google.com", "sub": "102346517495489997621", "name": "Odil Qosimov", "email": "odil0qosimov@gmail.com", "picture": "https://lh3.googleusercontent.com/a/ACg8ocIftCc5S6M24cw4oiowXEo60oqUoYBZRvZNLfgU62LClIJ8bw=s96-c", "full_name": "Odil Qosimov", "avatar_url": "https://lh3.googleusercontent.com/a/ACg8ocIftCc5S6M24cw4oiowXEo60oqUoYBZRvZNLfgU62LClIJ8bw=s96-c", "provider_id": "102346517495489997621", "email_verified": true, "phone_verified": false}', 'google', '2025-09-22 14:33:28.990079+00', '2025-09-22 14:33:28.99013+00', '2025-09-22 14:33:28.99013+00', 'dddcda0b-fddc-4228-990f-654fbc49f440'),
	('33f0b50e-2c1e-4acc-999c-2dc89ff20838', '33f0b50e-2c1e-4acc-999c-2dc89ff20838', '{"sub": "33f0b50e-2c1e-4acc-999c-2dc89ff20838", "role": "patient", "email": "hicom4422@gmail.com", "phone": "+99891", "full_name": "A", "email_verified": true, "phone_verified": false}', 'email', '2025-09-19 12:28:22.579225+00', '2025-09-19 12:28:22.57985+00', '2025-09-19 12:28:22.57985+00', '476b6f0f-35fa-4088-9e99-3fbdb53be1e1'),
	('114284149461019257890', '2bcf6e38-bc29-42d1-9449-c5ab71622eec', '{"iss": "https://accounts.google.com", "sub": "114284149461019257890", "name": "Dilshodjon Haydarov", "email": "me.dilshodjon@gmail.com", "picture": "https://lh3.googleusercontent.com/a/ACg8ocKij9LA_-AfR7b44sw-SS3_XEPf3_1XxVKey2w__nXWmMqjLQ=s96-c", "full_name": "Dilshodjon Haydarov", "avatar_url": "https://lh3.googleusercontent.com/a/ACg8ocKij9LA_-AfR7b44sw-SS3_XEPf3_1XxVKey2w__nXWmMqjLQ=s96-c", "provider_id": "114284149461019257890", "email_verified": true, "phone_verified": false}', 'google', '2025-09-28 18:48:59.792322+00', '2025-09-28 18:48:59.793587+00', '2025-09-28 18:52:48.912699+00', 'fe8b5983-a08c-4261-b356-3fa29763e0d0'),
	('fb229990-d3d2-494e-834e-ec1d4c81fe31', 'fb229990-d3d2-494e-834e-ec1d4c81fe31', '{"sub": "fb229990-d3d2-494e-834e-ec1d4c81fe31", "role": "patient", "email": "nargiza.normuradova@ent-en.com", "phone": "+998994447775", "full_name": " ", "email_verified": false, "phone_verified": false}', 'email', '2025-09-29 09:01:15.325613+00', '2025-09-29 09:01:15.325674+00', '2025-09-29 09:01:15.325674+00', 'c3dabb81-a805-4001-8a82-4f777ef5ba12'),
	('2bcf6e38-bc29-42d1-9449-c5ab71622eec', '2bcf6e38-bc29-42d1-9449-c5ab71622eec', '{"sub": "2bcf6e38-bc29-42d1-9449-c5ab71622eec", "role": "doctor", "email": "me.dilshodjon@gmail.com", "phone": "+998995340313", "full_name": "Dilshodjon Haydarov", "email_verified": true, "phone_verified": false}', 'email', '2025-09-25 04:08:37.848423+00', '2025-09-25 04:08:37.848478+00', '2025-09-25 04:08:37.848478+00', 'b3b28e5c-178c-43c1-9e75-ef6adf697e99'),
	('118076799372275698121', 'd15dfa13-dfc1-47ad-9202-e1b804a64042', '{"iss": "https://accounts.google.com", "sub": "118076799372275698121", "name": "Dilshodjon Haydarov", "email": "torex.amaki@gmail.com", "picture": "https://lh3.googleusercontent.com/a/ACg8ocLVOR3i43MlNsq9d0vI2J5tg0xZ1CkBQnKHNDWaP_tDYz-Rvpg=s96-c", "full_name": "Dilshodjon Haydarov", "avatar_url": "https://lh3.googleusercontent.com/a/ACg8ocLVOR3i43MlNsq9d0vI2J5tg0xZ1CkBQnKHNDWaP_tDYz-Rvpg=s96-c", "provider_id": "118076799372275698121", "email_verified": true, "phone_verified": false}', 'google', '2025-09-18 03:52:57.797101+00', '2025-09-18 03:52:57.79715+00', '2025-09-26 04:43:31.281977+00', '9d4dade1-ec32-4b72-b9cc-8dda613164d0');


--
-- Data for Name: instances; Type: TABLE DATA; Schema: auth; Owner: supabase_auth_admin
--



--
-- Data for Name: sessions; Type: TABLE DATA; Schema: auth; Owner: supabase_auth_admin
--

INSERT INTO "auth"."sessions" ("id", "user_id", "created_at", "updated_at", "factor_id", "aal", "not_after", "refreshed_at", "user_agent", "ip", "tag") VALUES
	('62a2b8d9-4b92-451c-a6cc-e1a979eff303', '2bcf6e38-bc29-42d1-9449-c5ab71622eec', '2025-09-28 18:48:59.938919+00', '2025-09-28 18:48:59.938919+00', NULL, 'aal1', NULL, NULL, 'Mozilla/5.0 (Macintosh; Intel Mac OS X 10_15_7) AppleWebKit/537.36 (KHTML, like Gecko) Chrome/140.0.0.0 Safari/537.36', '213.230.72.36', NULL),
	('22a75ee4-d5cd-441c-b58c-50a1be41a766', '2bcf6e38-bc29-42d1-9449-c5ab71622eec', '2025-09-28 18:52:48.932945+00', '2025-09-28 18:52:48.932945+00', NULL, 'aal1', NULL, NULL, 'Mozilla/5.0 (Macintosh; Intel Mac OS X 10_15_7) AppleWebKit/537.36 (KHTML, like Gecko) Chrome/140.0.0.0 Safari/537.36', '213.230.72.36', NULL),
	('6cc30271-3380-4ef6-8f9a-b47354335ce2', '0e18f09b-e1e8-491c-929c-aed7d1600190', '2025-09-22 14:33:29.010879+00', '2025-09-22 14:33:29.010879+00', NULL, 'aal1', NULL, NULL, 'Mozilla/5.0 (Linux; Android 13; K) AppleWebKit/537.36 (KHTML, like Gecko) Chrome/140.0.7339.51 Mobile Safari/537.36', '95.214.210.213', NULL);


--
-- Data for Name: mfa_amr_claims; Type: TABLE DATA; Schema: auth; Owner: supabase_auth_admin
--

INSERT INTO "auth"."mfa_amr_claims" ("session_id", "created_at", "updated_at", "authentication_method", "id") VALUES
	('6cc30271-3380-4ef6-8f9a-b47354335ce2', '2025-09-22 14:33:29.048912+00', '2025-09-22 14:33:29.048912+00', 'oauth', '44ae9a91-0f27-4b79-9da0-b83fe7a1fec6'),
	('62a2b8d9-4b92-451c-a6cc-e1a979eff303', '2025-09-28 18:49:00.014046+00', '2025-09-28 18:49:00.014046+00', 'oauth', 'bb8ca9d8-a903-425e-8cf8-29ffb0a7ea5e'),
	('22a75ee4-d5cd-441c-b58c-50a1be41a766', '2025-09-28 18:52:48.969426+00', '2025-09-28 18:52:48.969426+00', 'oauth', '8214a293-8dc6-4a36-bbd6-0270239bd46f');


--
-- Data for Name: mfa_factors; Type: TABLE DATA; Schema: auth; Owner: supabase_auth_admin
--



--
-- Data for Name: mfa_challenges; Type: TABLE DATA; Schema: auth; Owner: supabase_auth_admin
--



--
-- Data for Name: oauth_clients; Type: TABLE DATA; Schema: auth; Owner: supabase_auth_admin
--



--
-- Data for Name: one_time_tokens; Type: TABLE DATA; Schema: auth; Owner: supabase_auth_admin
--

INSERT INTO "auth"."one_time_tokens" ("id", "user_id", "token_type", "token_hash", "relates_to", "created_at", "updated_at") VALUES
	('d9c3b4fc-28c5-4e5d-ad4e-9b74f40a37d7', '7db1de34-b320-464a-9444-2d6b1a782e83', 'confirmation_token', '3438ac954e3d639b831fd9c66a46e0647ded60d0dbdd92ab0301be67', 'yanulka9090@mail.ru', '2025-09-22 14:07:54.089923', '2025-09-22 14:07:54.089923'),
	('2345b1d8-204d-4d3e-a590-ad7d9a41aa46', 'fb229990-d3d2-494e-834e-ec1d4c81fe31', 'confirmation_token', '77172c1497adeb64a7a4c4c39f44994b8d63c556a4d5b4bedc60add6', 'nargiza.normuradova@ent-en.com', '2025-09-29 09:14:32.778838', '2025-09-29 09:14:32.778838');


--
-- Data for Name: refresh_tokens; Type: TABLE DATA; Schema: auth; Owner: supabase_auth_admin
--

INSERT INTO "auth"."refresh_tokens" ("instance_id", "id", "token", "user_id", "revoked", "created_at", "updated_at", "parent", "session_id") VALUES
	('00000000-0000-0000-0000-000000000000', 239, 'shcjmhykhkhz', '2bcf6e38-bc29-42d1-9449-c5ab71622eec', false, '2025-09-28 18:48:59.976061+00', '2025-09-28 18:48:59.976061+00', NULL, '62a2b8d9-4b92-451c-a6cc-e1a979eff303'),
	('00000000-0000-0000-0000-000000000000', 240, 'zihtyljhqxod', '2bcf6e38-bc29-42d1-9449-c5ab71622eec', false, '2025-09-28 18:52:48.945144+00', '2025-09-28 18:52:48.945144+00', NULL, '22a75ee4-d5cd-441c-b58c-50a1be41a766'),
	('00000000-0000-0000-0000-000000000000', 152, 'z4gqvl676vbo', '0e18f09b-e1e8-491c-929c-aed7d1600190', false, '2025-09-22 14:33:29.024336+00', '2025-09-22 14:33:29.024336+00', NULL, '6cc30271-3380-4ef6-8f9a-b47354335ce2');


--
-- Data for Name: sso_providers; Type: TABLE DATA; Schema: auth; Owner: supabase_auth_admin
--



--
-- Data for Name: saml_providers; Type: TABLE DATA; Schema: auth; Owner: supabase_auth_admin
--



--
-- Data for Name: saml_relay_states; Type: TABLE DATA; Schema: auth; Owner: supabase_auth_admin
--



--
-- Data for Name: sso_domains; Type: TABLE DATA; Schema: auth; Owner: supabase_auth_admin
--



--
-- Data for Name: admin_users; Type: TABLE DATA; Schema: public; Owner: postgres
--

INSERT INTO "public"."admin_users" ("id", "login", "password_hash", "full_name", "phone", "role", "active", "created_at", "updated_at") VALUES
	('5ec0e83f-9e4a-4219-8f9a-36a1496ffcf5', 'admin', '403cfdf249a1b1a483268eea7a79e0738565876c8fdaf206d3128e5e2e194226', 'Super Admin', '+998901234567', 'admin', true, '2025-09-18 10:34:45.379196+00', '2025-09-18 10:34:45.379196+00'),
	('830ae972-fb88-4624-b5c7-00e341def066', 'moderator', 'a6d3a566d8ed64d64a17fe0d8cf8eabe40a7cd4e963a7767602835800fce8124', 'Moderator User', '+998901234568', 'moderator', true, '2025-09-18 10:34:45.379196+00', '2025-09-18 10:34:45.379196+00');


--
-- Data for Name: admins; Type: TABLE DATA; Schema: public; Owner: postgres
--

INSERT INTO "public"."admins" ("id", "login", "password_hash", "full_name", "phone", "role", "active", "created_at", "updated_at") VALUES
	('67a20611-ee12-4942-8958-556061b391b0', 'admin', '$2a$06$EJm.4HBUPM8/iJMEhaVkYuWRMMsFLkYs4TLVVaWfBiXnvyWRJjYk6', 'Super Admin', '+998995340313', 'admin', true, '2025-09-18 09:27:07.840415+00', '2025-09-18 09:52:48.378291+00');


--
-- Data for Name: categories; Type: TABLE DATA; Schema: public; Owner: postgres
--

INSERT INTO "public"."categories" ("id", "name", "slug", "description", "color", "created_at") VALUES
	('81d33ffb-5598-47de-a847-4ab1398ff9c7', 'Artrit', 'artrit', 'Qo''shma yallig''lanishi kasalliklari', '#3B82F6', '2025-09-18 08:12:55.7143+00'),
	('b868ae00-13ab-4234-bbad-2e1c760aee3a', 'Artroz', 'artroz', 'Qo''shma chirish kasalliklari', '#10B981', '2025-09-18 08:12:55.7143+00'),
	('ca81bf98-e22d-40dc-a8d6-86e418b601dd', 'Jismoniy tarbiya', 'jismoniy-tarbiya', 'Mashqlar va reabilitatsiya', '#F59E0B', '2025-09-18 08:12:55.7143+00'),
	('0ab15d85-2239-4f9c-93f2-22871201ca0b', 'Farmakologiya', 'farmakologiya', 'Dorilar va davolash usullari', '#EC4899', '2025-09-18 08:12:55.7143+00'),
	('1e09433f-9ea1-483f-9ce4-23b02f48b9c6', 'Diagnostika', 'diagnostika', 'Kasalliklarni aniqlash usullari', '#8B5CF6', '2025-09-18 08:12:55.7143+00'),
	('0e45174b-5217-41b7-a1ba-9b2eb2eefa15', 'Profilaktika', 'profilaktika', 'Kasalliklarni oldini olish', '#06B6D4', '2025-09-18 08:12:55.7143+00');


--
-- Data for Name: questions; Type: TABLE DATA; Schema: public; Owner: postgres
--

INSERT INTO "public"."questions" ("id", "title", "content", "slug", "author_id", "category_id", "tags", "status", "views_count", "votes_count", "answers_count", "best_answer_id", "meta_title", "meta_description", "created_at", "updated_at") VALUES
	('3fdbee1c-b428-4608-96e3-802063caa0b5', 'Osteoartroz uchun qanday mashqlar foydali?', 'Tizzalarimda osteoartroz tashxisi qo''yilgan. Qanday jismoniy mashqlar qilishim mumkin va qaysilaridan qochishim kerak?', 'osteoartroz-mashqlar', 'd15dfa13-dfc1-47ad-9202-e1b804a64042', 'b868ae00-13ab-4234-bbad-2e1c760aee3a', '{artroz,mashqlar,"jismoniy tarbiya"}', 'answered', 0, 0, 0, NULL, NULL, NULL, '2025-09-27 05:20:45.579347+00', '2025-09-27 05:20:45.579347+00'),
	('d9c389fa-354b-484b-909f-939004d61d05', 'Revmatik kasalliklarni oldini olish mumkinmi?', 'Oilamda revmatik kasalliklar ko''p uchraydi. Men ham xavf ostidaman. Qanday profilaktika choralari mavjud?', 'revmatik-kasalliklar-profilaktika', 'd15dfa13-dfc1-47ad-9202-e1b804a64042', '0e45174b-5217-41b7-a1ba-9b2eb2eefa15', '{profilaktika,genetika,"oldini olish"}', 'open', 0, 0, 0, NULL, NULL, NULL, '2025-09-27 05:20:45.579347+00', '2025-09-27 05:20:45.579347+00'),
	('44ad03b6-7fe0-42d2-8761-8090e0eba6f8', 'Revmatoid artrit belgilari qanday?', 'Menda qo''llarimda og''riq va shishish bor. Bu revmatoid artrit belgisi bo''lishi mumkinmi? Qanday tekshiruvlar o''tkazish kerak?', 'revmatoid-artrit-belgilari', '0e18f09b-e1e8-491c-929c-aed7d1600190', '81d33ffb-5598-47de-a847-4ab1398ff9c7', '{artrit,belgilar,diagnostika}', 'open', 0, 0, 0, NULL, NULL, NULL, '2025-09-27 05:20:45.579347+00', '2025-09-27 05:54:22.972358+00'),
	('66977d94-ea77-440f-8371-957e90eee77a', 'test', 'test', 'test-slug', 'd15dfa13-dfc1-47ad-9202-e1b804a64042', '81d33ffb-5598-47de-a847-4ab1398ff9c7', '{artrit,belgilar,diagnostika}', 'open', 0, 0, 0, NULL, 'test', 'test', '2025-09-27 05:53:33+00', '2025-09-27 05:55:43.79446+00'),
	('87f0acba-efa3-4683-b6da-5619d3b7e100', 'ikkinchi', 'ikkinchi savol', 'ikkinchi-1758979278215', NULL, '81d33ffb-5598-47de-a847-4ab1398ff9c7', '{ikkinchi,savol}', 'open', 1, 0, 0, NULL, 'ikkinchi', 'ikkinchi savol', '2025-09-27 13:21:18.362838+00', '2025-09-27 13:21:19.042105+00'),
	('6c26cc42-5e00-4cb5-9744-0484b662e6ed', 'uchinchi', 'uchinchi savol', 'uchinchi-1758982957319', NULL, 'b868ae00-13ab-4234-bbad-2e1c760aee3a', '{uchinchi,savol}', 'open', 2, 0, 0, NULL, 'uchinchi', 'uchinchi savol', '2025-09-27 14:22:44.826118+00', '2025-09-28 04:11:19.40838+00'),
	('a62990d5-21e4-480c-a473-74c57b4000ef', 'to''rtinchi', 'to''rtinchi savol', 'tortinchi-1759032741803', 'd15dfa13-dfc1-47ad-9202-e1b804a64042', '1e09433f-9ea1-483f-9ce4-23b02f48b9c6', '{to''rtinchi,savol}', 'open', 5, 0, 0, NULL, 'to''rtinchi', 'to''rtinchi savol', '2025-09-28 04:12:21.881175+00', '2025-09-28 04:38:07.645696+00'),
	('1943721a-b13c-4d9a-9196-0d1cf842a2e0', 'beshinchi savol', 'beshinchi savol', 'bieinchi-savol-1758978483626', NULL, 'b868ae00-13ab-4234-bbad-2e1c760aee3a', '{bieinchi,savol}', 'open', 5, 0, 0, NULL, NULL, NULL, '2025-09-27 13:08:03.90299+00', '2025-09-28 05:21:13.592001+00'),
	('2e4e6cf8-e745-4419-98e6-ce7bd64765bd', 'Beshinchi', 'Beshinchi savol bu savol test uchun bo''ladi bunga ahamiyat berish kerak emas va xech qanday ma''no anglatmaydi.', 'beshinchi-1759036806496', 'd15dfa13-dfc1-47ad-9202-e1b804a64042', '81d33ffb-5598-47de-a847-4ab1398ff9c7', '{beshinchi,savol,test,bo''ladi,bunga}', 'open', 13, 2, 0, NULL, 'Beshinchi', 'Beshinchi savol bu savol test uchun bo''ladi bunga ahamiyat berish kerak emas va xech qanday ma''no anglatmaydi.', '2025-09-28 05:20:06.65957+00', '2025-09-28 18:53:22.731995+00');


--
-- Data for Name: answers; Type: TABLE DATA; Schema: public; Owner: postgres
--



--
-- Data for Name: answer_votes; Type: TABLE DATA; Schema: public; Owner: postgres
--



--
-- Data for Name: profiles; Type: TABLE DATA; Schema: public; Owner: postgres
--

INSERT INTO "public"."profiles" ("id", "full_name", "phone", "role", "avatar_url", "bio", "specialization", "experience_years", "verified", "created_at", "updated_at") VALUES
	('d15dfa13-dfc1-47ad-9202-e1b804a64042', 'Dilshodjon Haydarov', NULL, 'admin', NULL, NULL, NULL, NULL, false, '2025-09-17 08:50:26.586805+00', '2025-09-18 08:28:40.283327+00'),
	('33f0b50e-2c1e-4acc-999c-2dc89ff20838', 'A', '+99891', 'patient', NULL, NULL, NULL, NULL, false, '2025-09-19 12:28:22.497382+00', '2025-09-19 12:28:22.497382+00'),
	('7db1de34-b320-464a-9444-2d6b1a782e83', ' ', '+998948821022', 'patient', NULL, NULL, NULL, NULL, false, '2025-09-22 14:07:52.921499+00', '2025-09-22 14:07:52.921499+00'),
	('0e18f09b-e1e8-491c-929c-aed7d1600190', 'Odil Qosimov', '+998909989996', 'patient', NULL, NULL, NULL, NULL, false, '2025-09-22 14:31:27.963658+00', '2025-09-22 14:31:27.963658+00'),
	('2bcf6e38-bc29-42d1-9449-c5ab71622eec', 'Dilshodjon Haydarov', '+998995340313', 'doctor', NULL, NULL, NULL, NULL, false, '2025-09-25 04:08:37.829702+00', '2025-09-25 04:08:37.829702+00'),
	('fb229990-d3d2-494e-834e-ec1d4c81fe31', ' ', '+998994447775', 'patient', NULL, NULL, NULL, NULL, false, '2025-09-29 09:01:15.215577+00', '2025-09-29 09:01:15.215577+00');


--
-- Data for Name: posts; Type: TABLE DATA; Schema: public; Owner: postgres
--

INSERT INTO "public"."posts" ("id", "title", "content", "excerpt", "slug", "featured_image_url", "youtube_url", "author_id", "category_id", "tags", "meta_title", "meta_description", "published", "published_at", "views_count", "created_at", "updated_at") VALUES
	('27753ab8-ec0b-4fd3-ae67-b7038a15881c', 'Revmatizm va bogim salomatligi', 'Revmatizm  bu immun tizimining notogri javobi tufayli paydo boladigan va asosan bogimlar, yurak hamda boshqa toqimalarga tasir etuvchi surunkali kasallikdir. Kopincha u angina yoki shamollashdan keyin rivojlanadi.', 'Revmatizm bogimlar va yurakni zararlaydigan surunkali kasallik bolib, uning sabablari, belgilari va davolash usullari haqida ushbu maqolada malumot beriladi.', 'revmatizm-va-bogim-salomatligi', NULL, 'https://www.youtube.com/watch?v=k446D7fkSy0', '2bcf6e38-bc29-42d1-9449-c5ab71622eec', '1e09433f-9ea1-483f-9ce4-23b02f48b9c6', '{"Irsi moyillik","Sovuq va nam sharoit","Immun tizimining zaiflashishi"}', 'Revmatizm  sabablari, belgilari va davolash', 'Revmatizm sabablari, dastlabki belgilari va zamonaviy davolash usullari haqida oqing.', true, '2025-09-27 10:34:50.448+00', 2, '2025-09-27 10:34:50.605147+00', '2025-09-27 10:38:20.86789+00'),
	('e5d8dfae-e685-462c-8ca5-4dbe5a53de23', 'Revmatik kasalliklar nima?', 'Revmatik kasalliklar haqida
Revmatik kasalliklar  bu bogimlar, mushaklar va suyaklarga tasir qiladigan surunkali kasalliklardir. Ular kopincha ogriq, shish va harakatlanish cheklanishiga olib keladi.
Kasallikni erta aniqlash va davolash muhim, chunki u insonning hayot sifatini yaxshilaydi.', 'Revmatik kasalliklar haqida
Revmatik kasalliklar  bu bogimlar, mushaklar va suyaklarga tasir qiladigan surunkali kasalliklardir. Ular kopincha ogriq, shish va harakatlanish cheklanishiga olib ke...', 'nima-revmotik-kasalliklar', NULL, 'https://www.youtube.com/watch?v=6jw90UgGjtI', '2bcf6e38-bc29-42d1-9449-c5ab71622eec', '81d33ffb-5598-47de-a847-4ab1398ff9c7', '{revmatik,kasalliklar,nima}', 'Revmatik kasalliklar: belgilari va asosiy turlari', 'Revmatik kasalliklar boyicha malumot: asosiy turlari, belgilar va qachon shifokorga murojaat qilish kerakligi haqida.', true, '2025-09-26 04:53:06.42+00', 7, '2025-09-26 04:53:06.655183+00', '2025-09-27 10:26:18.351615+00'),
	('6ac1d8d3-84c8-46c1-9611-4f826c165649', 'Osteoporoz va suyak sogligi: sabablari, belgilari va oldini olish strategiyalari', 'Osteoporoz  suyaklar zichligining pasayishi va mikrostrukturalsizligiga olib keladigan surunkali kasallik. Suyaklar mort bolib qolishi, sindirish xavfi ortadi. Kop hollarda kasallik asta-sekin rivojlanadi va dastlab alomat bermasligi mumkin.', 'Osteoporoz suyaklar zichligining kamayishi natijasida mortlikka olib keladigan kasallik bolib, uning sabablari, alomatlari, tashxis va oldini olish usullari bu maqolada batafsil yoritiladi.', 'osteoporoz-va-suyak-sogligi-sabablari-belgilari-va-oldini-olish-strategiyalari', NULL, 'https://www.youtube.com/watch?v=p_Zt95_TLmA', '2bcf6e38-bc29-42d1-9449-c5ab71622eec', 'b868ae00-13ab-4234-bbad-2e1c760aee3a', '{Kalsiy,Gipogonadalizm}', 'Osteoporoz  sabablari, alomatlari va oldini olish', 'Osteoporoz suyaklarning mortlashishi kasalligi. Sabablari, belgilari va oldini olish yollari haqida batafsil oqing.', true, '2025-09-27 11:23:18.019+00', 6, '2025-09-27 11:23:18.027975+00', '2025-09-27 12:08:24.952366+00'),
	('f0ab12a9-04f5-4fb6-9666-85da5f12b33d', 'Podagra (tuz kasalligi): sabablari, belgilari va davolash usullari', 'Podagra  organizmda siydik kislotasi almashinuvi buzilganda paydo boladigan kasallik. Natijada siydik kislotasi kristallari bogimlarga yigilib, kuchli ogriq va yalliglanish keltirib chiqaradi. Koproq erkaklarda uchraydi.', 'Podagra  bu bogimlarda siydik kislotasi tuzlarining toplanishi oqibatida yuzaga keladigan surunkali kasallikdir. Uning sabablari, belgilari va davolash usullari haqida malumot beriladi.', 'podagra-tuz-kasalligi-sabablari-belgilari-va-davolash-usullari', NULL, 'https://www.youtube.com/watch?v=p_Zt95_TLmA&t=21s', '2bcf6e38-bc29-42d1-9449-c5ab71622eec', 'b868ae00-13ab-4234-bbad-2e1c760aee3a', '{Bogim,qizarishi}', 'Podagra  sabablari, belgilari va davolash', 'Podagra kasalligining sabablari, belgilari va davolash usullari haqida bilib oling.', true, '2025-09-27 11:13:54.926+00', 1, '2025-09-27 11:13:54.958981+00', '2025-09-27 11:46:53.895104+00');


--
-- Data for Name: comments; Type: TABLE DATA; Schema: public; Owner: postgres
--



--
-- Data for Name: consultation_requests; Type: TABLE DATA; Schema: public; Owner: postgres
--

INSERT INTO "public"."consultation_requests" ("id", "first_name", "last_name", "age", "disease_type", "phone", "comments", "status", "created_at", "updated_at") VALUES
	('b8e28c1f-356a-48fb-9992-b20fa9eb6824', 'Dilshodjon', 'Haydarov', 21, 'Revmatoid artrit', '+998995340313', 'test', 'completed', '2025-09-24 16:54:11.702156+00', '2025-09-24 17:47:22.944466+00'),
	('f5272ea3-2567-4c46-bbcc-c7b7435d06b1', 'Test', 'Test', 16, 'Fibromyalgiya', '+998995340313', 'test', 'pending', '2025-09-27 04:40:30.828774+00', '2025-09-27 04:40:30.828774+00'),
	('50ec86ea-06a6-4fe1-9c82-a7891c854307', 'Odiljon', 'Qosimov', 41, 'Ankilozlovchi spondilit', '+998909989996', '', 'pending', '2025-09-29 09:16:47.302054+00', '2025-09-29 09:16:47.302054+00'),
	('9032842a-6ba7-4155-9691-8cc2e9e67f07', '', '', 23, 'Psoriatic artrit', '+998991410119', '           ', 'pending', '2025-09-29 10:42:08.957253+00', '2025-09-29 10:42:08.957253+00'),
	('bfaf621a-2c87-4428-92e3-a23e961847b2', 'Mannopxon', 'Sayfullaev', 40, 'Ankilozlovchi spondilit', '+998946864474', 'Behterev kassalligi 2019 yilda tashhis qo''yilgan og''riq darajasi juda kuchli bo''lardi, bo''yin bel qisimlari chegaralangan yani qotib qolgan.', 'pending', '2025-09-29 11:30:28.474715+00', '2025-09-29 11:30:28.474715+00'),
	('3f8a2210-8020-4615-8d28-1364d1260afa', 'Izzat', 'Abushahin', 30, 'Revmatoid artrit', '+998933936703', 'Beheterev kasallogi', 'pending', '2025-09-29 15:25:40.406854+00', '2025-09-29 15:25:40.406854+00');


--
-- Data for Name: diseases; Type: TABLE DATA; Schema: public; Owner: postgres
--

INSERT INTO "public"."diseases" ("id", "name", "slug", "description", "symptoms", "treatment_methods", "prevention_tips", "featured_image_url", "youtube_url", "meta_title", "meta_description", "active", "featured", "order_index", "created_at", "updated_at") VALUES
	('caa023ce-b8eb-4297-b036-794660e595c3', ' ', 'aksialniy-spondiloartrit', '  -    ,       - .', '{"  "," ","  ",}', '{" "," ",," "}', '{"  "," ","  "," "}', NULL, NULL, NULL, NULL, true, true, 1, '2025-09-25 21:55:19.507055+00', '2025-09-25 21:55:19.507055+00'),
	('ba4df0ec-1b5f-4e37-8c62-fcfefaf30a2b', ' ', 'revmatoidniy-artrit', '  -    ,    .', '{"  "," "," ",," "}', '{," ",,}', '{"  "," "," ","  "}', NULL, NULL, NULL, NULL, true, true, 2, '2025-09-25 21:55:19.507055+00', '2025-09-25 21:55:19.507055+00'),
	('bf87e591-101c-4629-8b01-502871c99862', ' ', 'psoriaticheskiy-artrit', '  -    ,      .', '{"  "," "," "," "}', '{" ",," "," "}', '{" ","  ","  "," "}', NULL, NULL, NULL, NULL, true, true, 3, '2025-09-25 21:55:19.507055+00', '2025-09-25 21:55:19.507055+00'),
	('36d22689-ef4e-43a2-a021-15ba1104c4ee', '  ', 'sistemnaya-krasnaya-volchan', '   -   ,       .', '{"  ","  ",," "," "}', '{" ",," "," "}', '{"  ","  "," "," "}', NULL, NULL, NULL, NULL, true, true, 4, '2025-09-25 21:55:19.507055+00', '2025-09-25 21:55:19.507055+00');


--
-- Data for Name: disease_translations; Type: TABLE DATA; Schema: public; Owner: postgres
--

INSERT INTO "public"."disease_translations" ("id", "disease_id", "language", "name", "description", "symptoms", "treatment_methods", "prevention_tips", "meta_title", "meta_description", "slug", "created_at", "updated_at") VALUES
	('09b48b3f-f39a-40d1-96d0-bcf017b79c5b', 'caa023ce-b8eb-4297-b036-794660e595c3', 'uz', 'Aksiyal spondiloartrit', 'Aksiyal spondiloartrit - bu asosan umurtqa pog''onasi va sakroiliak bo''g''imlarni zararlantiruvchi surunkali yallig''lanish kasalligi.', '{"Bel og''riqlari","Ertalabki qotishlik","Umurtqa pog''onasi harakatchanligining cheklanishi",Charchoq}', '{"Yallig''lanishga qarshi dorilar","Biologik terapiya",Fizioterapiya,"Davolovchi jismoniy mashqlar"}', '{"Muntazam jismoniy mashqlar","To''g''ri gavda holati","Chekishni tashlab qo''yish","Sog''lom ovqatlanish"}', NULL, NULL, 'aksialniy-spondiloartrit-uz', '2025-09-25 21:55:19.507055+00', '2025-09-25 21:55:19.507055+00'),
	('daa4c1fe-1fe7-4b87-87e7-c07b8dc454f4', 'ba4df0ec-1b5f-4e37-8c62-fcfefaf30a2b', 'uz', 'Revmatoid artrit', 'Revmatoid artrit - bu bo''g''imlarda yallig''lanish keltirib chiqaruvchi surunkali autoimmun kasallik.', '{"Bo''g''im og''riqlari","Bo''g''im shishishi","Ertalabki qotishlik",Charchoq,"Harorat ko''tarilishi"}', '{Metotreksat,"Biologik preparatlar",Kortikosteroidlar,Fizioterapiya}', '{"Sog''lom turmush tarzi","Muntazam mashqlar","Muvozanatli ovqatlanish","Chekishni tashlab qo''yish"}', NULL, NULL, 'revmatoidniy-artrit-uz', '2025-09-25 21:55:19.507055+00', '2025-09-25 21:55:19.507055+00'),
	('244d6a9b-fa6e-482e-8e0c-617f1f7cd710', 'bf87e591-101c-4629-8b01-502871c99862', 'uz', 'Psoriatik artrit', 'Psoriatik artrit - bu psoriaz kasalligi bor odamlarda rivojlanadigan bo''g''im yallig''lanish kasalligi.', '{"Bo''g''im og''riqlari","Barmoq shishishi","Teri zararlari","Tirnoq o''zgarishlari"}', '{"Yallig''lanishga qarshi dorilar",Immunosupressorlar,"Biologik terapiya","Mahalliy davolash"}', '{"Vazn nazorati","Jarohatlardan himoyalanish","Teri parvarishi","Muntazam ko''riklar"}', NULL, NULL, 'psoriaticheskiy-artrit-uz', '2025-09-25 21:55:19.507055+00', '2025-09-25 21:55:19.507055+00'),
	('db0366f1-10e2-478b-b6f4-1c69565578fc', '36d22689-ef4e-43a2-a021-15ba1104c4ee', 'uz', 'Tizimli qizil bo''richa', 'Tizimli qizil bo''richa - bu ko''plab organ va tizimlarni zararlantirishi mumkin bo''lgan autoimmun kasallik.', '{"Yuzdagi toshma","Bo''g''im og''riqlari",Charchoq,"Harorat ko''tarilishi","Soch to''kilishi"}', '{"Immunosupressiv terapiya",Kortikosteroidlar,"Antimalyariya preparatlari","Biologik terapiya"}', '{"Quyoshdan himoyalanish","Sog''lom turmush tarzi","Muntazam tekshiruvlar","Stressdan qochish"}', NULL, NULL, 'sistemnaya-krasnaya-volchan-uz', '2025-09-25 21:55:19.507055+00', '2025-09-25 21:55:19.507055+00'),
	('268b83e9-34af-40a7-bb18-86e9c5c82245', 'caa023ce-b8eb-4297-b036-794660e595c3', 'ru', ' ', '  -    ,       - .', '{"  "," ","  ",}', '{" "," ",," "}', '{"  "," ","  "," "}', NULL, NULL, 'aksialniy-spondiloartrit-ru', '2025-09-25 21:55:19.507055+00', '2025-09-25 21:55:19.507055+00'),
	('fc4b6fc4-127b-4534-a48d-d7efff8b811f', 'ba4df0ec-1b5f-4e37-8c62-fcfefaf30a2b', 'ru', ' ', '  -    ,    .', '{"  "," "," ",," "}', '{," ",,}', '{"  "," "," ","  "}', NULL, NULL, 'revmatoidniy-artrit-ru', '2025-09-25 21:55:19.507055+00', '2025-09-25 21:55:19.507055+00'),
	('e975aa27-eb9c-4090-97e5-0fcd2a564ac7', 'bf87e591-101c-4629-8b01-502871c99862', 'ru', ' ', '  -    ,      .', '{"  "," "," "," "}', '{" ",," "," "}', '{" ","  ","  "," "}', NULL, NULL, 'psoriaticheskiy-artrit-ru', '2025-09-25 21:55:19.507055+00', '2025-09-25 21:55:19.507055+00'),
	('e7a4aeee-bc93-4f63-a38c-0878c4e51d75', '36d22689-ef4e-43a2-a021-15ba1104c4ee', 'ru', '  ', '   -   ,       .', '{"  ","  ",," "," "}', '{" ",," "," "}', '{"  ","  "," "," "}', NULL, NULL, 'sistemnaya-krasnaya-volchan-ru', '2025-09-25 21:55:19.507055+00', '2025-09-25 21:55:19.507055+00'),
	('518487c8-1cf3-4635-96ee-2709f45fb9cd', 'caa023ce-b8eb-4297-b036-794660e595c3', 'en', 'Axial Spondyloarthritis', 'Axial spondyloarthritis is a chronic inflammatory disease that primarily affects the spine and sacroiliac joints.', '{"Lower back pain","Morning stiffness","Limited spinal mobility",Fatigue}', '{"Anti-inflammatory drugs","Biological therapy",Physiotherapy,"Therapeutic exercises"}', '{"Regular exercise","Proper posture","Quit smoking","Healthy diet"}', NULL, NULL, 'aksialniy-spondiloartrit-en', '2025-09-25 21:55:19.507055+00', '2025-09-25 21:55:19.507055+00'),
	('4bbc7bd1-26fb-4146-a1cc-ae84a23d49c2', 'ba4df0ec-1b5f-4e37-8c62-fcfefaf30a2b', 'en', 'Rheumatoid Arthritis', 'Rheumatoid arthritis is a chronic autoimmune disease that causes joint inflammation.', '{"Joint pain","Joint swelling","Morning stiffness",Fatigue,Fever}', '{Methotrexate,"Biological drugs",Corticosteroids,Physiotherapy}', '{"Healthy lifestyle","Regular exercise","Balanced nutrition","Quit smoking"}', NULL, NULL, 'revmatoidniy-artrit-en', '2025-09-25 21:55:19.507055+00', '2025-09-25 21:55:19.507055+00'),
	('a1e85ebf-382c-4466-b4b1-133b8cc277df', 'bf87e591-101c-4629-8b01-502871c99862', 'en', 'Psoriatic Arthritis', 'Psoriatic arthritis is an inflammatory joint disease that develops in people with psoriasis.', '{"Joint pain","Finger swelling","Skin lesions","Nail changes"}', '{"Anti-inflammatory drugs",Immunosuppressants,"Biological therapy","Topical treatment"}', '{"Weight control","Injury protection","Skin care","Regular checkups"}', NULL, NULL, 'psoriaticheskiy-artrit-en', '2025-09-25 21:55:19.507055+00', '2025-09-25 21:55:19.507055+00'),
	('b7633922-bf94-458b-bd71-98e834462dcd', '36d22689-ef4e-43a2-a021-15ba1104c4ee', 'en', 'Systemic Lupus Erythematosus', 'Systemic lupus erythematosus is an autoimmune disease that can affect many organs and systems.', '{"Facial rash","Joint pain",Fatigue,Fever,"Hair loss"}', '{"Immunosuppressive therapy",Corticosteroids,"Antimalarial drugs","Biological therapy"}', '{"Sun protection","Healthy lifestyle","Regular examinations","Stress avoidance"}', NULL, NULL, 'sistemnaya-krasnaya-volchan-en', '2025-09-25 21:55:19.507055+00', '2025-09-25 21:55:19.507055+00');


--
-- Data for Name: doctor_profiles; Type: TABLE DATA; Schema: public; Owner: postgres
--

INSERT INTO "public"."doctor_profiles" ("id", "user_id", "full_name", "email", "phone", "specialization", "experience_years", "bio", "avatar_url", "certificates", "education", "languages", "consultation_fee", "consultation_duration", "working_hours", "verified", "active", "created_at", "updated_at") VALUES
	('93aa7028-9d98-4993-aca2-3174b58eef88', '2bcf6e38-bc29-42d1-9449-c5ab71622eec', 'Dilshodjon Haydarov', 'me.dilshodjon@gmail.com', '+998995340313', 'Revmatologiya', 10, 'test uchun', 'https://ynintnofgobkalrlvpxb.supabase.co/storage/v1/object/public/post-images/doctor-avatars/93aa7028-9d98-4993-aca2-3174b58eef88-1758776673218.jpeg', '{test}', '{TTu}', '{uz,ru,en}', 222020, 30, '{"friday": {"end": "17:00", "start": "09:00", "available": true}, "monday": {"end": "17:00", "start": "09:00", "available": true}, "sunday": {"end": "14:00", "start": "09:00", "available": false}, "tuesday": {"end": "17:00", "start": "09:00", "available": true}, "saturday": {"end": "14:00", "start": "09:00", "available": false}, "thursday": {"end": "17:00", "start": "09:00", "available": true}, "wednesday": {"end": "17:00", "start": "09:00", "available": true}}', true, true, '2025-09-25 04:16:56.595994+00', '2025-09-25 05:04:36.215615+00');


--
-- Data for Name: doctor_profile_translations; Type: TABLE DATA; Schema: public; Owner: postgres
--

INSERT INTO "public"."doctor_profile_translations" ("id", "doctor_profile_id", "language", "bio", "specialization", "education", "created_at", "updated_at") VALUES
	('9de76b23-7a4b-44dc-90fa-93d126045360', '93aa7028-9d98-4993-aca2-3174b58eef88', 'ru', '', '', '{}', '2025-09-25 04:16:56.923208+00', '2025-09-25 05:04:36.907642+00'),
	('6c1e90fb-14f3-4916-bc63-34d905ed15a4', '93aa7028-9d98-4993-aca2-3174b58eef88', 'en', '', '', '{}', '2025-09-25 04:16:56.923208+00', '2025-09-25 05:04:37.315789+00');


--
-- Data for Name: doctor_reviews; Type: TABLE DATA; Schema: public; Owner: postgres
--

INSERT INTO "public"."doctor_reviews" ("id", "doctor_id", "user_id", "rating", "comment", "anonymous", "reviewer_name", "approved", "created_at", "updated_at") VALUES
	('c79b2dfc-96b0-4da9-8cc3-21b94dcfd297', '93aa7028-9d98-4993-aca2-3174b58eef88', '2bcf6e38-bc29-42d1-9449-c5ab71622eec', 4, 'test', false, NULL, true, '2025-09-25 09:02:43.781806+00', '2025-09-25 09:02:43.781806+00'),
	('69b44144-4b82-491a-99cf-c7c4367b44dc', '93aa7028-9d98-4993-aca2-3174b58eef88', '2bcf6e38-bc29-42d1-9449-c5ab71622eec', 5, 'test', true, NULL, true, '2025-09-25 09:02:53.554459+00', '2025-09-25 09:02:53.554459+00'),
	('acbdc8a9-1777-4460-b38d-f95471df3b64', '93aa7028-9d98-4993-aca2-3174b58eef88', '2bcf6e38-bc29-42d1-9449-c5ab71622eec', 5, 'test', false, NULL, true, '2025-09-25 09:07:43.489628+00', '2025-09-25 09:07:43.489628+00'),
	('288fd0e6-8e5c-4357-831f-426a0cae3f07', '93aa7028-9d98-4993-aca2-3174b58eef88', '2bcf6e38-bc29-42d1-9449-c5ab71622eec', 4, 'yaxshi', true, NULL, true, '2025-09-25 09:12:31.867474+00', '2025-09-25 09:13:40.72239+00'),
	('e832ee20-9347-4aca-bd34-eef689dafcd9', '93aa7028-9d98-4993-aca2-3174b58eef88', '2bcf6e38-bc29-42d1-9449-c5ab71622eec', 5, 'tesssst', false, NULL, true, '2025-09-25 09:14:10.855911+00', '2025-09-25 09:14:10.855911+00'),
	('b79f9374-100b-48e8-969a-250c5d03356f', '93aa7028-9d98-4993-aca2-3174b58eef88', NULL, 5, 'ikkinchisi', false, 'Dilshodjon', true, '2025-09-25 09:24:07.653936+00', '2025-09-25 09:24:07.653936+00'),
	('60b86541-ed65-4bdf-aa35-87d4847dc2a2', '93aa7028-9d98-4993-aca2-3174b58eef88', NULL, 5, 'test', false, 'SherAli', true, '2025-09-25 15:07:58.960626+00', '2025-09-25 15:07:58.960626+00');


--
-- Data for Name: doctors; Type: TABLE DATA; Schema: public; Owner: postgres
--

INSERT INTO "public"."doctors" ("id", "full_name", "email", "phone", "specialization", "experience_years", "bio", "avatar_url", "certificates", "verified", "active", "order_index", "created_at", "updated_at") VALUES
	('a3788fae-a0ae-4e61-94a4-db1d7b26cda7', 'Mirziyod  Vasiljonovich', 'tta2005@mail.ru', '+99871 150-97-76', 'Revmatolog', 10, '', '', '', true, true, 10, '2025-09-26 04:31:35.085769+00', '2025-09-26 04:31:35.085769+00'),
	('81c6352c-6446-4749-be32-8422e7688ef3', 'Mirahmedova Hilola To''xtasinovna', 'Hilola_mirahmedova@mail.ru', '+998 55 517 04 24', 'Revmatologiya', 24, '1997-1999 yillarda 2-Toshkent Davlat tibbiyot instituti ixtisoslashtirilgan artrologiya markazida artrolog.2019 yildan hozirgacha  TMA 1-son ichki kasalliklar propedevtikasi kafedrasi mudiri.', '', '{dotsent}', true, true, 12, '2025-09-26 04:31:35.085769+00', '2025-09-26 04:31:35.085769+00'),
	('478d5be2-81c1-4878-b66e-b3ad63ad1248', 'Dildora Abdumalikovna Nabiyeva', 'tta2003@mail.ru', '+99871 150 97 76', 'Revmatologiya', 26, 'TMA 1 fakultet va gospital terapiya kafedrasi dotsenti, fan nomzodi. 1997 yilda Ikkinchi Toshkent tibbiyot institutini davolash yonalishi boyicha tamomlagan. 75 ta ilmiy ish, shu jumladan 4 ta oquv-uslubiy qollanma muallifi. 2003 yilda Keksa yoshdan boshlab revmatoid artritning diagnostikasi va davolash xususiyatlari mavzusida nomzodlik dissertatsiyasini himoya qildi. Asosiy ilmiy yo''nalish: Qonning turli seroz tizimi bilan og''rigan bemorlarda ankiloz spondiloartritning klinik kechishi va davolash. 2012 yildan kafedraning oquv ishlariga masul.', '', '{dotsent}', true, true, 11, '2025-09-26 04:22:26.147823+00', '2025-09-26 04:22:26.147823+00');


--
-- Data for Name: doctor_translations; Type: TABLE DATA; Schema: public; Owner: postgres
--

INSERT INTO "public"."doctor_translations" ("id", "doctor_id", "language", "bio", "specialization", "created_at", "updated_at") VALUES
	('490438fb-81bc-432e-a0ba-a281928b7b19', 'a3788fae-a0ae-4e61-94a4-db1d7b26cda7', 'ru', '', '', '2025-09-25 03:18:47.66655+00', '2025-09-25 03:18:47.66655+00'),
	('13e3c2e5-4039-4bf3-b5e8-9b5d51a466cc', 'a3788fae-a0ae-4e61-94a4-db1d7b26cda7', 'en', '', 'Revmatolog', '2025-09-25 03:18:47.66655+00', '2025-09-25 03:18:47.66655+00'),
	('d1261d78-e52d-4d57-977a-047dab076bb3', '478d5be2-81c1-4878-b66e-b3ad63ad1248', 'ru', '        1,   .       1997    .  75  ,    4 - .  2003               .   :            .  2012      .', '', '2025-09-26 04:22:26.647439+00', '2025-09-26 04:22:26.647439+00'),
	('764ec3e3-10b3-49fa-857c-658ccf292166', '478d5be2-81c1-4878-b66e-b3ad63ad1248', 'en', 'Associate Professor of the Department of Faculty and Hospital Therapy of TMA No. 1, Candidate of Sciences. Graduated from the Second Tashkent Medical Institute in 1997 with a degree in therapy. Author of 75 scientific works, including 4 teaching and methodological manuals. In 2003, he defended his candidate''s dissertation on the topic "Diagnosis and features of treatment of rheumatoid arthritis in old age." Main scientific direction: "Clinical course and treatment of ankylosing spondylitis in patients with various serous blood systems." Since 2012, he has been responsible for the educational work of the department.', 'Rheumatology', '2025-09-26 04:22:26.647439+00', '2025-09-26 04:22:26.647439+00'),
	('aa099020-a388-4fe2-a4b1-1a001b59a583', '81c6352c-6446-4749-be32-8422e7688ef3', 'ru', ' 19971999   -    2-    .

19992002           2-    .

20022005           2-    .

20052006          2-    .

20062019       2   .

 2019           1 .', '', '2025-09-26 04:31:35.495207+00', '2025-09-26 04:31:35.495207+00'),
	('13552bf7-4b20-412a-bde0-d9c00b14d3bb', '81c6352c-6446-4749-be32-8422e7688ef3', 'en', 'In 1997-1999, he was an arthrologist at the Specialized Arthrology Center of the 2nd Tashkent State Medical Institute.

1999-2002. Postgraduate student of the Department of Training of General Practitioners in Endocrinology of the 2nd Tashkent State Medical Institute.

2002-2005 Assistant of the Department of Training of General Practitioners in Endocrinology of the 2nd Tashkent State Medical Institute.

2005-2006. Senior lecturer of the Department of Training of General Practitioners of the 2nd Tashkent State Medical Institute.

2006-2019 Associate Professor of the Department of Internal Medicine No. 2 of the Tashkent Medical Academy.

From 2019 to the present - Head of the Department of Propaedeutics of Internal Medicine No. 1 of the TMA.', 'Rheumatology', '2025-09-26 04:31:35.495207+00', '2025-09-26 04:31:35.495207+00');


--
-- Data for Name: global_settings; Type: TABLE DATA; Schema: public; Owner: postgres
--

INSERT INTO "public"."global_settings" ("id", "setting_key", "setting_value", "updated_by", "active", "created_at", "updated_at") VALUES
	('d2ea36c6-d428-49a0-9ae2-6eba9f1e5fd9', 'color_scheme', '{"name": "Revmohelp (Default)", "items": "#FFFFFF", "scheme": "default", "primary": "#90978C", "appliedAt": "2025-09-27T06:30:10.251Z", "background": "#CAD8D6", "primaryHover": "#7A8177", "primaryActive": "#6B7268"}', NULL, true, '2025-09-24 19:58:57.322534+00', '2025-09-27 06:30:10.326143+00');


--
-- Data for Name: homepage_settings; Type: TABLE DATA; Schema: public; Owner: postgres
--

INSERT INTO "public"."homepage_settings" ("id", "section", "title", "subtitle_authenticated", "subtitle_unauthenticated", "stats", "active", "created_at", "updated_at") VALUES
	('e821a755-a714-4c70-bc1b-efd4b663cbe1', 'hero', 'Revmatik kasalliklar haqida ishonchli ma''lumot', 'Bemor va shifokorlar uchun professional tibbiy ma''lumot va yo''riqnoma platformasi', 'Agar bemor bo''lsangiz, ro''yxatdan o''ting va professional maslahat oling', '{"doctors": {"label": "Ekspert Shifokorlar", "value": 50, "suffix": "+"}, "articles": {"label": "Tibbiy Maqolalar", "value": 500, "suffix": "+"}, "patients": {"label": "Yordam Berilgan Bemorlar", "value": 10000, "suffix": "+"}}', true, '2025-09-19 18:36:52.851453+00', '2025-09-19 18:47:15.649233+00');


--
-- Data for Name: homepage_translations; Type: TABLE DATA; Schema: public; Owner: postgres
--

INSERT INTO "public"."homepage_translations" ("id", "section", "language", "title", "subtitle_authenticated", "subtitle_unauthenticated", "stats", "active", "created_at", "updated_at") VALUES
	('13a3af19-bb52-4a21-a794-3d290621a523', 'hero', 'ru', '    ', '       ', '  ,     ', '{"doctors": {"label": "-", "value": 50, "suffix": "+"}, "articles": {"label": " ", "value": 500, "suffix": "+"}, "patients": {"label": "  ", "value": 10000, "suffix": "+"}}', true, '2025-09-19 18:52:13.308215+00', '2025-09-19 18:52:13.308215+00'),
	('d462b8f6-c000-48fe-8fcb-dded44a4e1bf', 'hero', 'en', 'Reliable information about rheumatic diseases', 'Professional medical information platform for patients and doctors', 'If you are a patient, register and get professional advice', '{"doctors": {"label": "Expert Doctors", "value": 50, "suffix": "+"}, "articles": {"label": "Medical Articles", "value": 500, "suffix": "+"}, "patients": {"label": "Patients Helped", "value": 10000, "suffix": "+"}}', true, '2025-09-19 18:52:13.308215+00', '2025-09-19 18:52:13.308215+00'),
	('dd3b0921-1e2d-4f26-a76f-d1aa7ad823c8', 'hero', 'uz', 'Revmatik kasalliklar haqida ishonchli ma''lumot', 'Bemor va shifokorlar uchun professional tibbiy ma''lumot va yo''riqnoma platformasi', 'Agar bemor bo''lsangiz, ro''yxatdan o''ting va professional maslahat oling', '{"doctors": {"label": "Ekspert Shifokorlar", "value": 50, "suffix": "+"}, "articles": {"label": "Tibbiy Maqolalar", "value": 501, "suffix": "+"}, "patients": {"label": "Yordam Berilgan Bemorlar", "value": 10000, "suffix": "+"}}', true, '2025-09-19 18:52:13.308215+00', '2025-09-19 18:59:48.699433+00');


--
-- Data for Name: notifications; Type: TABLE DATA; Schema: public; Owner: postgres
--

INSERT INTO "public"."notifications" ("id", "title", "message", "type", "target_type", "target_user_id", "post_id", "created_by", "read_by", "sent_at", "expires_at", "active", "created_at", "updated_at") VALUES
	('71f64540-d6dd-44c4-a8eb-3d049a5aad6c', 'test', 'test uchun', 'success', 'broadcast', NULL, NULL, 'd15dfa13-dfc1-47ad-9202-e1b804a64042', '["d15dfa13-dfc1-47ad-9202-e1b804a64042"]', '2025-09-20 17:12:57.556972+00', '2222-02-12 01:22:00+00', true, '2025-09-20 17:12:57.556972+00', '2025-09-26 04:15:01.742918+00');


--
-- Data for Name: partners; Type: TABLE DATA; Schema: public; Owner: postgres
--

INSERT INTO "public"."partners" ("id", "name", "slug", "logo_url", "website_url", "description", "contact_email", "contact_phone", "address", "partnership_type", "active", "featured", "order_index", "created_at", "updated_at") VALUES
	('1b365890-370e-47f8-938a-fdd84d73885f', 'Toshkent Tibbiyot Akademiyasi', 'toshkent-tibbiyot-akademiyasi', 'https://images.pexels.com/photos/4386467/pexels-photo-4386467.jpeg?auto=compress&cs=tinysrgb&w=400', 'https://tma.uz', 'O''zbekistonning yetakchi tibbiyot ta''lim muassasasi. Yuqori malakali shifokorlar tayyorlaydi.', 'info@tma.uz', '+998 71 150 78 00', 'Toshkent, Farabi ko''chasi 2', 'education', true, true, 1, '2025-09-19 17:41:41.636864+00', '2025-09-19 17:41:41.636864+00'),
	('40ab64bd-54de-4bb8-b28a-c8cd176306c5', 'Respublika Ixtisoslashtirilgan Terapiya Markazi', 'respublika-terapiya-markazi', 'https://images.pexels.com/photos/4021775/pexels-photo-4021775.jpeg?auto=compress&cs=tinysrgb&w=400', 'https://therapy.uz', 'Terapiya va tibbiy reabilitatsiya bo''yicha ixtisoslashgan markaz.', 'info@therapy.uz', '+998 71 120 45 67', 'Toshkent, Navoi ko''chasi 78', 'medical', true, true, 2, '2025-09-19 17:41:41.636864+00', '2025-09-19 17:41:41.636864+00'),
	('06c8c3a3-7839-4976-a0f2-8244990b35cf', 'O''zbekiston Revmatologlar Assotsiatsiyasi', 'uzbekiston-revmatologlar-assotsiatsiyasi', 'https://images.pexels.com/photos/7659564/pexels-photo-7659564.jpeg?auto=compress&cs=tinysrgb&w=400', 'https://rheumatology.uz', 'O''zbekiston revmatologlarining professional birlashmasi.', 'info@rheumatology.uz', '+998 71 234 56 78', 'Toshkent, Amir Temur ko''chasi 15', 'association', true, true, 3, '2025-09-19 17:41:41.636864+00', '2025-09-19 17:41:41.636864+00'),
	('3dc0129e-9204-4943-b83d-43dff47df74a', 'Xalqaro Tibbiyot Markazi', 'xalqaro-tibbiyot-markazi', 'https://images.pexels.com/photos/4498362/pexels-photo-4498362.jpeg?auto=compress&cs=tinysrgb&w=400', 'https://imc.uz', 'Xalqaro standartlarda tibbiy xizmatlar ko''rsatuvchi markaz.', 'info@imc.uz', '+998 71 345 67 89', 'Toshkent, Mirzo Ulug''bek ko''chasi 56', 'medical', true, false, 4, '2025-09-19 17:41:41.636864+00', '2025-09-19 17:41:41.636864+00'),
	('b60cb227-07cb-4600-ab1c-196f3365c318', 'Tibbiy Texnologiyalar Instituti', 'tibbiy-texnologiyalar-instituti', 'https://images.pexels.com/photos/3938023/pexels-photo-3938023.jpeg?auto=compress&cs=tinysrgb&w=400', 'https://medtech.uz', 'Zamonaviy tibbiy texnologiyalar va innovatsiyalar markazi.', 'info@medtech.uz', '+998 71 456 78 90', 'Toshkent, Chilonzor tumani', 'technology', true, false, 5, '2025-09-19 17:41:41.636864+00', '2025-09-19 17:41:41.636864+00'),
	('d473d01b-9b89-407b-891d-73063b28d81f', 'Oila Shifokorlari Markazi', 'oila-shifokorlari-markazi', 'https://images.pexels.com/photos/5327580/pexels-photo-5327580.jpeg?auto=compress&cs=tinysrgb&w=400', 'https://familydoc.uz', 'Oila shifokorlari xizmatlari va birlamchi tibbiy yordam.', 'info@familydoc.uz', '+998 71 567 89 01', 'Toshkent, Yashnobod tumani', 'medical', false, false, 6, '2025-09-19 17:41:41.636864+00', '2025-09-19 17:41:41.636864+00'),
	('9db34372-c4b9-4962-b2bf-24bce1575d09', 'testhamkor', 'testhamkor', 'https://cdn.culture.ru/images/7dd19b5a-a520-53b0-959c-dad123ec0c96', 'https://clinics.uz/catalog/medical-centers/stomatology', 'test uchun edi', 'knjnjknk@gmail.com', '+998995340313', 'test manzil', 'association', false, false, 1, '2025-09-19 17:50:16.288513+00', '2025-09-19 18:23:27.800185+00');


--
-- Data for Name: patient_stories; Type: TABLE DATA; Schema: public; Owner: postgres
--

INSERT INTO "public"."patient_stories" ("id", "patient_name", "age", "diagnosis", "story_content", "treatment_duration", "outcome", "doctor_name", "featured_image_url", "published", "order_index", "created_at", "updated_at", "content_type", "featured", "lifestyle_changes", "symptoms", "treatment_methods", "medications", "rating", "meta_title", "meta_description", "youtube_url") VALUES
	('80986a72-d0b1-4958-8f20-c7a8f7a0249f', 'test bemor', 80, 'test bemor', 'test bemor', '2 oy', 'test bemor', 'test bemor', NULL, true, 39, '2025-09-20 04:28:56.215579+00', '2025-09-20 04:28:56.215579+00', 'text', true, 'test bemor', '{"test bemor"}', '{"test bemor"}', '{"test bemor"}', 5, 'test bemor', 'test bemor', NULL),
	('297ee701-23e3-4a71-9222-75506a6c0c8f', 'bu ham test', 30, 'bu ham test', 'bu ham test', 'bu ham test', 'bu ham test', 'bu ham test', NULL, true, 30, '2025-09-20 05:51:51.924252+00', '2025-09-20 05:51:51.924252+00', 'image', true, 'bu ham test', '{"bu ham test"}', '{"bu ham test"}', '{"bu ham test"}', 5, 'bu ham test', 'bu ham test', NULL),
	('5f25ee78-d640-4fe1-81db-60ac55238861', 'yangitest bemor', 40, 'yangitest bemor', 'yangitest bemor', '23 yangitest bemor', 'yangitest bemor', 'yangitest bemor', NULL, true, 0, '2025-09-20 06:05:51.429285+00', '2025-09-20 06:05:51.429285+00', 'image', true, 'yangitest bemor', '{"yangitest bemor"}', '{"yangitest bemor"}', '{"yangitest bemor"}', 5, 'yangitest bemor', 'yangitest bemor', NULL),
	('1c2884d0-2e34-499c-a933-d6ac2dcd42d1', 'Alisher Qodirov', 25, 'buyrak yetishmovchiligi', 'bu test uchun edi', '43 oy', 'bu test uchun edi', 'test doktor', NULL, true, 3, '2025-09-20 06:20:03.135827+00', '2025-09-20 06:20:03.135827+00', 'image', true, 'bu test uchun edi', '{buyrak}', '{massaj}', '{aspirin}', 5, 'bu test uchun edi', 'bu test uchun edi', NULL),
	('4f17acc3-f23f-41e6-8cf1-e86d2655863e', 'test uchun vidioli', 25, 'test uchun vidioli', 'test uchun vidioli', '23 oy', 'test uchun vidioli', 'test doktor', NULL, true, 0, '2025-09-20 06:21:34.488117+00', '2025-09-20 06:21:34.488117+00', 'video', true, 'test uchun vidioli', '{"test uchun vidioli"}', '{"test uchun vidioli"}', '{"test uchun vidioli"}', 5, 'test uchun vidioli', 'test uchun vidioli', 'https://www.youtube.com/watch?v=Ya7lJ791q2s'),
	('88575805-229f-4ce5-bdb6-590f04195fb9', 'yana suratli test', 25, 'yana suratli test', 'yana suratli test', 'yana suratli test', 'yana suratli test', 'yana suratli test', 'https://ynintnofgobkalrlvpxb.supabase.co/storage/v1/object/public/post-images/patient-stories/88575805-229f-4ce5-bdb6-590f04195fb9-1758349743080.png', true, 0, '2025-09-20 06:29:03.486626+00', '2025-09-20 06:29:04.679782+00', 'image', true, 'yana suratli test', '{"yana suratli test"}', '{"yana suratli test"}', '{"yana suratli test"}', 5, 'yana suratli test', 'yana suratli test', NULL),
	('b1a6bff5-e395-45c5-a3ab-55cf996484dd', 'Azizbek Karimov', 25, 'Revmatoyid artrit', 'Azizbek Karimov 25 yoshda, u bogimlarda doimiy ogriq va shish sababli shifokorga murojaat qilgan. Tekshiruv natijasida unga revmatoyid artrit tashxisi qoyilgan. Dastlabki oylar ogriqlar kuchli bolgan, lekin muntazam davolash jarayonidan song ahvoli yaxshilana boshlagan.', '6', 'Hozirgi kunda bemor ogriqlari ancha kamaygan, harakatlanish imkoniyati kengaygan.', 'Mirziyod  Vasiljonovich', NULL, true, 40, '2025-09-28 11:21:56.657052+00', '2025-09-28 11:21:56.657052+00', 'text', true, 'The patient reduced salt and fat intake, performs regular light exercises, and has established a healthy sleep routine.', '{"Bogim ogrigi","Shish va qizarish","Ertalabki qotib qolish"}', '{"Dorivor terapiya","Fizioterapiya mashgulotlari","Soglom ovqatlanish"}', '{Metotreksat,"Yalliglanishga qarshi preparatlar","Ogriq qoldiruvchi vositalar"}', 4, 'Revmatoyid artrit: 25 yoshli bemor hikoyasi', '25 yoshli bemor Azizbek Karimovning revmatoyid artrit tashxisi, davolash jarayoni va ijobiy natijalari haqida qisqa hikoya.', NULL);


--
-- Data for Name: patient_story_translations; Type: TABLE DATA; Schema: public; Owner: postgres
--

INSERT INTO "public"."patient_story_translations" ("id", "story_id", "language", "patient_name", "diagnosis", "story_content", "treatment_duration", "outcome", "doctor_name", "created_at", "updated_at", "lifestyle_changes", "symptoms", "treatment_methods", "medications", "meta_title", "meta_description") VALUES
	('25fa93a8-69f3-4f11-8f2c-6b15a6f74d89', '80986a72-d0b1-4958-8f20-c7a8f7a0249f', 'uz', 'test bemor', 'test bemor', 'test bemor', '2 oy', 'test bemor', 'test bemor', '2025-09-20 04:28:56.453363+00', '2025-09-20 04:28:56.453363+00', 'test bemor', '{"test bemor"}', '{"test bemor"}', '{"test bemor"}', 'test bemor', 'test bemor'),
	('e7060f7c-705e-4503-996b-c8264b3b5118', '297ee701-23e3-4a71-9222-75506a6c0c8f', 'uz', 'bu ham test', 'bu ham test', 'bu ham test', 'bu ham test', 'bu ham test', 'bu ham test', '2025-09-20 05:51:52.609512+00', '2025-09-20 05:51:52.609512+00', 'bu ham test', '{"bu ham test"}', '{"bu ham test"}', '{"bu ham test"}', 'bu ham test', 'bu ham test'),
	('9b601f1e-13f3-4bdb-8603-3219c3b38d67', '5f25ee78-d640-4fe1-81db-60ac55238861', 'uz', 'yangitest bemor', 'yangitest bemor', 'yangitest bemor', '23 yangitest bemor', 'yangitest bemor', 'yangitest bemor', '2025-09-20 06:05:52.808964+00', '2025-09-20 06:05:52.808964+00', 'yangitest bemor', '{"yangitest bemor"}', '{"yangitest bemor"}', '{"yangitest bemor"}', 'yangitest bemor', 'yangitest bemor'),
	('c29e07c3-7ad9-4dee-9af1-b0317cd5c140', '1c2884d0-2e34-499c-a933-d6ac2dcd42d1', 'uz', 'Alisher Qodirov', 'buyrak yetishmovchiligi', 'bu test uchun edi', '43 oy', 'bu test uchun edi', 'test doktor', '2025-09-20 06:20:04.914074+00', '2025-09-20 06:20:04.914074+00', 'bu test uchun edi', '{buyrak}', '{massaj}', '{aspirin}', 'bu test uchun edi', 'bu test uchun edi'),
	('50b7d9d4-9241-4443-9407-e416cd9b1835', '4f17acc3-f23f-41e6-8cf1-e86d2655863e', 'uz', 'test uchun vidioli', 'test uchun vidioli', 'test uchun vidioli', '23 oy', 'test uchun vidioli', 'test doktor', '2025-09-20 06:21:34.629311+00', '2025-09-20 06:21:34.629311+00', 'test uchun vidioli', '{"test uchun vidioli"}', '{"test uchun vidioli"}', '{"test uchun vidioli"}', 'test uchun vidioli', 'test uchun vidioli'),
	('a4b1ef89-9c5c-482c-80a5-bfdba4a83c27', '88575805-229f-4ce5-bdb6-590f04195fb9', 'uz', 'yana suratli test', 'yana suratli test', 'yana suratli test', 'yana suratli test', 'yana suratli test', 'yana suratli test', '2025-09-20 06:29:04.823204+00', '2025-09-20 06:29:04.823204+00', 'yana suratli test', '{"yana suratli test"}', '{"yana suratli test"}', '{"yana suratli test"}', 'yana suratli test', 'yana suratli test'),
	('d7ad58f5-2380-42c9-bbc7-dff5115fb6af', 'b1a6bff5-e395-45c5-a3ab-55cf996484dd', 'uz', 'Azizbek Karimov', 'Revmatoyid artrit', 'Azizbek Karimov 25 yoshda, u bogimlarda doimiy ogriq va shish sababli shifokorga murojaat qilgan. Tekshiruv natijasida unga revmatoyid artrit tashxisi qoyilgan. Dastlabki oylar ogriqlar kuchli bolgan, lekin muntazam davolash jarayonidan song ahvoli yaxshilana boshlagan.', '6', 'Hozirgi kunda bemor ogriqlari ancha kamaygan, harakatlanish imkoniyati kengaygan.', 'Mirziyod  Vasiljonovich', '2025-09-28 11:21:57.205837+00', '2025-09-28 11:21:57.205837+00', 'The patient reduced salt and fat intake, performs regular light exercises, and has established a healthy sleep routine.', '{"Bogim ogrigi","Shish va qizarish","Ertalabki qotib qolish"}', '{"Dorivor terapiya","Fizioterapiya mashgulotlari","Soglom ovqatlanish"}', '{Metotreksat,"Yalliglanishga qarshi preparatlar","Ogriq qoldiruvchi vositalar"}', 'Revmatoyid artrit: 25 yoshli bemor hikoyasi', '25 yoshli bemor Azizbek Karimovning revmatoyid artrit tashxisi, davolash jarayoni va ijobiy natijalari haqida qisqa hikoya.'),
	('2d1f4c97-b9f2-4bea-9d87-1fc6ff54211e', 'b1a6bff5-e395-45c5-a3ab-55cf996484dd', 'ru', ' ', ' ', ' , 25 ,    -      .       .      ,        .', '6', '     ,   .', 'Mirziyod  Vasiljonovich', '2025-09-28 11:21:57.59995+00', '2025-09-28 11:21:57.59995+00', '', '{}', '{}', '{}', ' :   25 ', '  , 25 ,     . ,        .'),
	('d2682208-9d57-4fb9-9c65-0d6eb0ba8676', 'b1a6bff5-e395-45c5-a3ab-55cf996484dd', 'en', 'Azizbek Karimov', 'rheumatoid arthriti', 'Azizbek Karimov, 25 years old, consulted a doctor due to persistent joint pain and swelling. After examination, he was diagnosed with rheumatoid arthritis. During the first months, the pain was severe, but after consistent treatment his condition started to improve.', '6', 'Currently, the patients pain has significantly decreased and joint mobility has improved.', 'Mirziyod  Vasiljonovich', '2025-09-28 11:21:57.59995+00', '2025-09-28 11:21:57.59995+00', '', '{}', '{}', '{}', 'Rheumatoid arthritis: case story of a 25-year-old patient', 'The story of 25-year-old patient Azizbek Karimov diagnosed with rheumatoid arthritis. Treatment process, lifestyle changes, and positive results.');


--
-- Data for Name: post_translations; Type: TABLE DATA; Schema: public; Owner: postgres
--

INSERT INTO "public"."post_translations" ("id", "post_id", "language", "title", "content", "excerpt", "meta_title", "meta_description", "slug", "created_at", "updated_at") VALUES
	('f6aeb945-6d35-49f7-a0ba-2a50a65c181a', '6ac1d8d3-84c8-46c1-9611-4f826c165649', 'uz', 'Osteoporoz va suyak sogligi: sabablari, belgilari va oldini olish strategiyalari', 'Osteoporoz  suyaklar zichligining pasayishi va mikrostrukturalsizligiga olib keladigan surunkali kasallik. Suyaklar mort bolib qolishi, sindirish xavfi ortadi. Kop hollarda kasallik asta-sekin rivojlanadi va dastlab alomat bermasligi mumkin.', 'Osteoporoz suyaklar zichligining kamayishi natijasida mortlikka olib keladigan kasallik bolib, uning sabablari, alomatlari, tashxis va oldini olish usullari bu maqolada batafsil yoritiladi.', 'Osteoporoz  sabablari, alomatlari va oldini olish', 'Osteoporoz suyaklarning mortlashishi kasalligi. Sabablari, belgilari va oldini olish yollari haqida batafsil oqing.', 'osteoporoz-va-suyak-sogligi-sabablari-belgilari-va-oldini-olish-strategiyalari', '2025-09-27 11:23:18.547868+00', '2025-09-27 11:23:18.547868+00'),
	('030cf592-1f2f-4af3-bf2e-c770d9a01677', '6ac1d8d3-84c8-46c1-9611-4f826c165649', 'ru', '   : ,    ', '  ,      .     , ,   .', '   ,     .      .', '  ,   ', '  ,    .', 'osteoporoz-prichiny-simptomy-profilaktika', '2025-09-27 11:23:18.807688+00', '2025-09-27 11:23:18.807688+00'),
	('a47edc7b-1465-43b9-a866-336d85675a73', '6ac1d8d3-84c8-46c1-9611-4f826c165649', 'en', 'Osteoporosis and Bone Health: Causes, Symptoms, and Prevention', 'Osteoporosis is a chronic condition characterized by reduced bone density and increased fragility. This article explores its causes, symptoms, diagnosis, and prevention strategies.', 'Osteoporosis is a disease where bones become weak and brittle. It often progresses silently until a fracture occurs.', 'Osteoporosis  Causes, Symptoms, Prevention', 'Learn about the causes, symptoms, diagnosis, and prevention of osteoporosis.', 'osteoporosis-causes-symptoms-prevention', '2025-09-27 11:23:18.807688+00', '2025-09-27 11:23:18.807688+00');


--
-- Data for Name: question_votes; Type: TABLE DATA; Schema: public; Owner: postgres
--

INSERT INTO "public"."question_votes" ("id", "question_id", "user_id", "vote_type", "created_at") VALUES
	('15719c85-4637-4a22-bf5a-5355359ce0a4', '2e4e6cf8-e745-4419-98e6-ce7bd64765bd', 'd15dfa13-dfc1-47ad-9202-e1b804a64042', 'up', '2025-09-28 05:25:10.846158+00'),
	('1d098b44-5c23-49b0-9b92-c9af15968c5e', '2e4e6cf8-e745-4419-98e6-ce7bd64765bd', '2bcf6e38-bc29-42d1-9449-c5ab71622eec', 'up', '2025-09-28 18:53:21.924708+00');


--
-- Data for Name: simple_admins; Type: TABLE DATA; Schema: public; Owner: postgres
--

INSERT INTO "public"."simple_admins" ("id", "login", "password", "full_name", "phone", "role", "active", "created_at", "updated_at") VALUES
	('4b758f8e-b1ed-4108-9a4c-af276693d507', 'admin', 'admin123', 'Super Admin', NULL, 'admin', true, '2025-09-18 10:27:12.098175+00', '2025-09-18 10:27:12.098175+00'),
	('b29a6555-3ec3-4382-81ac-33e9cc5fe583', 'moderator', 'mod123', 'Moderator User', NULL, 'moderator', true, '2025-09-18 10:27:12.098175+00', '2025-09-18 10:27:12.098175+00'),
	('344f0607-f9d6-43db-b13b-57e138903181', 'revmo', 'revmo', 'revmo admin', '+998995340313', 'admin', true, '2025-09-18 10:28:06.181042+00', '2025-09-18 10:28:06.181042+00');


--
-- Data for Name: buckets; Type: TABLE DATA; Schema: storage; Owner: supabase_storage_admin
--

INSERT INTO "storage"."buckets" ("id", "name", "owner", "created_at", "updated_at", "public", "avif_autodetection", "file_size_limit", "allowed_mime_types", "owner_id", "type") VALUES
	('post-images', 'post-images', NULL, '2025-09-18 08:12:55.7143+00', '2025-09-18 08:12:55.7143+00', true, false, NULL, NULL, NULL, 'STANDARD');


--
-- Data for Name: buckets_analytics; Type: TABLE DATA; Schema: storage; Owner: supabase_storage_admin
--



--
-- Data for Name: objects; Type: TABLE DATA; Schema: storage; Owner: supabase_storage_admin
--

INSERT INTO "storage"."objects" ("id", "bucket_id", "name", "owner", "created_at", "updated_at", "last_accessed_at", "metadata", "version", "owner_id", "user_metadata", "level") VALUES
	('ab907bdd-af5c-42e5-8600-faa60e2c67be', 'post-images', 'posts/45c156f5-4219-4b02-bb4c-dff7fab8c782-1758302022675.jpg', 'd15dfa13-dfc1-47ad-9202-e1b804a64042', '2025-09-19 17:13:43.404785+00', '2025-09-19 17:13:43.404785+00', '2025-09-19 17:13:43.404785+00', '{"eTag": "\"c6bdde63b8c5bc6b4737ce0226c1db10\"", "size": 32159, "mimetype": "image/jpeg", "cacheControl": "max-age=3600", "lastModified": "2025-09-19T17:13:44.000Z", "contentLength": 32159, "httpStatusCode": 200}', '6438f647-57ee-40b0-82b4-7039590a3146', 'd15dfa13-dfc1-47ad-9202-e1b804a64042', '{}', 2),
	('6785aa49-9ffb-43ea-a3cf-88ea15560c35', 'post-images', 'posts/d6c55e21-2d50-439e-9bf6-fe1ff0a96ff8-1758302644022.png', 'd15dfa13-dfc1-47ad-9202-e1b804a64042', '2025-09-19 17:24:05.27151+00', '2025-09-19 17:24:05.27151+00', '2025-09-19 17:24:05.27151+00', '{"eTag": "\"4f08da8721da416f2f505691d49c13a1\"", "size": 1097306, "mimetype": "image/png", "cacheControl": "max-age=3600", "lastModified": "2025-09-19T17:24:06.000Z", "contentLength": 1097306, "httpStatusCode": 200}', '0181629b-cb8c-422f-8676-865f3b3c245f', 'd15dfa13-dfc1-47ad-9202-e1b804a64042', '{}', 2),
	('bbe20be2-8821-4057-89f2-de7c6e4e0fb5', 'post-images', 'patient-stories/88575805-229f-4ce5-bdb6-590f04195fb9-1758349743080.png', 'd15dfa13-dfc1-47ad-9202-e1b804a64042', '2025-09-20 06:29:04.444281+00', '2025-09-20 06:29:04.444281+00', '2025-09-20 06:29:04.444281+00', '{"eTag": "\"4f08da8721da416f2f505691d49c13a1\"", "size": 1097306, "mimetype": "image/png", "cacheControl": "max-age=3600", "lastModified": "2025-09-20T06:29:05.000Z", "contentLength": 1097306, "httpStatusCode": 200}', '4c7d5f41-4a9f-4291-b166-b437f1cdcef7', 'd15dfa13-dfc1-47ad-9202-e1b804a64042', '{}', 2),
	('ed752148-5e6c-4244-8642-e0548e88960a', 'post-images', 'doctor-avatars/93aa7028-9d98-4993-aca2-3174b58eef88-1758776271030.jpeg', '2bcf6e38-bc29-42d1-9449-c5ab71622eec', '2025-09-25 04:57:52.313256+00', '2025-09-25 04:57:52.313256+00', '2025-09-25 04:57:52.313256+00', '{"eTag": "\"3cd056a0a2839f00c78bde4653c5cb80\"", "size": 125763, "mimetype": "image/jpeg", "cacheControl": "max-age=3600", "lastModified": "2025-09-25T04:57:53.000Z", "contentLength": 125763, "httpStatusCode": 200}', '06520736-28e9-4142-8bab-77501d2d4b01', '2bcf6e38-bc29-42d1-9449-c5ab71622eec', '{}', 2),
	('5bc7c685-236b-4b0e-b686-90101ed9d2ff', 'post-images', 'doctor-avatars/93aa7028-9d98-4993-aca2-3174b58eef88-1758776673218.jpeg', '2bcf6e38-bc29-42d1-9449-c5ab71622eec', '2025-09-25 05:04:35.336401+00', '2025-09-25 05:04:35.336401+00', '2025-09-25 05:04:35.336401+00', '{"eTag": "\"0fe6e781119380475d251a5393fd727f\"", "size": 2077570, "mimetype": "image/jpeg", "cacheControl": "max-age=3600", "lastModified": "2025-09-25T05:04:36.000Z", "contentLength": 2077570, "httpStatusCode": 200}', '5c9c3faf-6d85-46ee-96cc-55f80a5e69c1', '2bcf6e38-bc29-42d1-9449-c5ab71622eec', '{}', 2),
	('ca7401bb-b78c-404b-a2b9-79b187b8ff73', 'post-images', 'posts/ccac043b-b8d8-4dc7-a594-64f4aa8bfa33-1758778162834.jpeg', '2bcf6e38-bc29-42d1-9449-c5ab71622eec', '2025-09-25 05:29:24.563525+00', '2025-09-25 05:29:24.563525+00', '2025-09-25 05:29:24.563525+00', '{"eTag": "\"ee0cc4b23ff82e7bb6a5582352470309\"", "size": 1846666, "mimetype": "image/jpeg", "cacheControl": "max-age=3600", "lastModified": "2025-09-25T05:29:25.000Z", "contentLength": 1846666, "httpStatusCode": 200}', '19603331-35ed-452b-a55b-f79aa551d564', '2bcf6e38-bc29-42d1-9449-c5ab71622eec', '{}', 2),
	('31966c23-1e49-4c29-a175-496e843e70d3', 'post-images', 'posts/6c13f50f-c5cf-441d-a4f0-b3394db0dc02-1758782082350.jpeg', '2bcf6e38-bc29-42d1-9449-c5ab71622eec', '2025-09-25 06:34:43.410086+00', '2025-09-25 06:34:43.410086+00', '2025-09-25 06:34:43.410086+00', '{"eTag": "\"c5fb05b81773716f2b10fdb7202bb100\"", "size": 168161, "mimetype": "image/jpeg", "cacheControl": "max-age=3600", "lastModified": "2025-09-25T06:34:44.000Z", "contentLength": 168161, "httpStatusCode": 200}', 'ca426b54-4d99-46fe-8042-83d4df60a0fd', '2bcf6e38-bc29-42d1-9449-c5ab71622eec', '{}', 2),
	('deb019f9-55f7-419c-a16f-bd7dccf9a6e0', 'post-images', 'diseases/6ccc15cb-5bd6-492c-9842-57d042ef1b5c-1758843669621.png', '2bcf6e38-bc29-42d1-9449-c5ab71622eec', '2025-09-25 23:41:11.2507+00', '2025-09-25 23:41:11.2507+00', '2025-09-25 23:41:11.2507+00', '{"eTag": "\"7acc9853a0b59d56704d1be7782982db\"", "size": 1465179, "mimetype": "image/png", "cacheControl": "max-age=3600", "lastModified": "2025-09-25T23:41:12.000Z", "contentLength": 1465179, "httpStatusCode": 200}', '20dc53f9-b67e-48a3-8ef0-7295bee8692b', '2bcf6e38-bc29-42d1-9449-c5ab71622eec', '{}', 2);


--
-- Data for Name: prefixes; Type: TABLE DATA; Schema: storage; Owner: supabase_storage_admin
--

INSERT INTO "storage"."prefixes" ("bucket_id", "name", "created_at", "updated_at") VALUES
	('post-images', 'posts', '2025-09-19 17:13:43.404785+00', '2025-09-19 17:13:43.404785+00'),
	('post-images', 'patient-stories', '2025-09-20 06:29:04.444281+00', '2025-09-20 06:29:04.444281+00'),
	('post-images', 'doctor-avatars', '2025-09-25 04:57:52.313256+00', '2025-09-25 04:57:52.313256+00'),
	('post-images', 'diseases', '2025-09-25 23:41:11.2507+00', '2025-09-25 23:41:11.2507+00');


--
-- Data for Name: s3_multipart_uploads; Type: TABLE DATA; Schema: storage; Owner: supabase_storage_admin
--



--
-- Data for Name: s3_multipart_uploads_parts; Type: TABLE DATA; Schema: storage; Owner: supabase_storage_admin
--



--
-- Name: refresh_tokens_id_seq; Type: SEQUENCE SET; Schema: auth; Owner: supabase_auth_admin
--

SELECT pg_catalog.setval('"auth"."refresh_tokens_id_seq"', 240, true);


--
-- PostgreSQL database dump complete
--

-- \unrestrict KTv7Dl24fClLzWNLqdCmObmKPeGCs3PtYdlVZpKa88ac6ba2mX94vkObqDom8W3

RESET ALL;
